icao,tail,plane
151d9c,RA-73116,Boeing 737-8LJ
738057,4X-EHI,Boeing 737-958ER
15206f,RA-73839,Airbus A321-251NX
151d77,RA-73079,Boeing 767-3Y0ER
896411,A6-AOE,Airbus A320-214
14f110,RA-61712,Antonov An-148-100EA
4bd150,TC-TJP,Boeing 737-8BK
151e32,RA-73266,Boeing 737-83N
151d98,RA-73112,Boeing 737-8LJ
51009c,EW-457PA,Boeing 737-800WL
4bb87a,TC-NCZ,Airbus A320-251N
155be6,RA-89062,Sukhoi SuperJet 100-95B
151e8a,RA-73354,Boeing 757-223SF
15203a,RA-73786,Airbus A330-343E
155c1a,RA-89114,Sukhoi SuperJet 100-95B
4243e6,VQ-BBB,Boeing 737-93YER
151e65,RA-73317,Boeing 737-82R
5100fc,EW-514PO,Embraer 190-200LR-195LR
507c41,UK32018,Airbus A320-214
4bc841,TC-RBA,Airbus A321-251NX
155bd0,RA-89040,Sukhoi SuperJet 100-95B
78122f,B-8862,Airbus A330-343E
151e73,RA-73331,Boeing 777-21HER
1407c6,RA-01990,AgustaWestland AW139
151d8e,RA-73102,Boeing 737-800WL
4b8de8,TC-COH,Boeing 737-8EH
151ebf,RA-73407,Airbus A320-214
142581,RA-09601,Dassault Falcon 7X
43be92,RA-73153,Airbus A350-941
151e24,RA-73252,Boeing 737-8AS
151df8,RA-73208,Boeing 737-800WL
155c20,RA-89120,Sukhoi SuperJet 100-95B
14fa27,RA-64039,Tupolev Tu-204-300
142329,RA-09001,Dassault Falcon 900B
15537a,RA-86906,Ilyushin Il-76MD
151e5d,RA-73309,Boeing 737-800WL
896539,A6-BNB,Boeing 787-9
151da3,RA-73123,Boeing 737-8LJ
683277,UP-EM018,Embraer ERJ 135BJ Legacy 650
152000,RA-73728,Airbus A321-211
600018,EK-AAD,Airbus A321-231
683298,UP-B3732,Boeing 737-82R
151fb8,RA-73656,Boeing 737-8GJ
151e0c,RA-73228,Boeing 737-800WL
78076e,B-2088,Boeing 777-39LER
151dd4,RA-73172,Airbus A320-214
152057,RA-73815,Airbus A319-112
507c3a,UK32011,Airbus A320-214
151fbc,RA-73660,Boeing 737-86N
010146,SU-GDZ,Boeing 737-866
151e1e,RA-73246,Boeing 737-800WL
151de2,RA-73186,Airbus A319-112
152041,RA-73793,Airbus A321-211
4ba9ef,TC-JOO,Airbus A330-223F
155bbf,RA-89023,Sukhoi SuperJet 100-95B
151ff9,RA-73721,Airbus A321-211
781094,B-8678,Airbus A330-343E
4bb856,TC-NBV,Airbus A320-251N
151ed0,RA-73424,Airbus A320-214
8965b6,A6-FMZ,Boeing 737-8
152016,RA-73750,Airbus A320-214
151ffb,RA-73723,Airbus A321-211
152061,RA-73825,Airbus A320-212
6010ef,EX-32008,Airbus A320-233
151ec7,RA-73415,Airbus A321-211
151d94,RA-73108,Boeing 737-800WL
8963ff,A6-AOC,Airbus A320-214
151f17,RA-73495,Boeing 737-8EH
4ba8c8,TC-JFH,Boeing 737-8F2
150660,RA-67168,Canadair CL-600-2B16 Challenger 650
151e3e,RA-73278,Boeing 777-31HER
151ef0,RA-73456,Airbus A320-271N
151fdb,RA-73691,Airbus A320-232
78139f,B-1096,Airbus A330-343E
7808cb,B-2033,Boeing 777-39LER
151db5,RA-73141,Boeing 777-300ER
8964d3,A6-FMD,Boeing 737-8
4bb876,TC-NCV,Airbus A320-251N
896333,A6-FEB,Boeing 737-8KN
151fd9,RA-73689,Airbus A321-231
151fed,RA-73709,Airbus A321-211
152020,RA-73760,Airbus A320-214
151e90,RA-73360,Boeing 737-8Q8
49c0e7,OK-QUU 06,BRM Aero Bristell NG5 SpeedWing
1427e0,RA-10208,Gulfstream Aerospace GV-SP (G550)
151e7d,RA-73341,Boeing 777-212ER
60003c,701,Airbus A319-132
150764,RA-67428,Cessna 525 CitationJet
43bebd,RA-73156,Airbus A350-941
155c00,RA-89088,Sukhoi SuperJet 100-95LR
781364,B-1065,Airbus A330-343E
7816bd,B-308P,Airbus A330-243F
0a402d,7T-VPP,Airbus A340-541X Prestige
152077,RA-73847,Boeing 777-35EER
4bb564,TC-MKD,Boeing 737-8
151e28,RA-73256,Boeing 737-86J
151d82,RA-73090,Boeing 737-8GU
151d6f,RA-73071,Boeing 757-2Q8
151e53,RA-73299,Boeing 737-8FZ
507c61,UK32031,Airbus A320-214
151eea,RA-73450,Airbus A320-271N
155bf0,RA-89072,Sukhoi SuperJet 100-95LR
151dad,RA-73133,Boeing 777-3M0ER
140ab7,RA-02743,Embraer 190-100LR
152adf,RA-76511,Ilyushin Il-76TD-90VD
151e04,RA-73220,Airbus A319-111
151dd8,RA-73176,Airbus A320-214
600805,4K-AZ05,Airbus A319-111
14f126,RA-61734,Antonov An-148-100E
4c01e7,YU-APH,Airbus A320-232
151d41,RA-73025,Airbus A319-115X CJ
6010f7,EX-32009,Airbus A320-233
155bc7,RA-89031,Sukhoi SuperJet 100-95LR
151fb4,RA-73652,Boeing 737-752
151ddc,RA-73180,Airbus A320-214
151e12,RA-73234,Boeing 737-800WL
4baa44,TC-JRD,Airbus A321-231
151d57,RA-73047,Boeing 737-524
15204f,RA-73807,Airbus A320-214
151dee,RA-73198,Airbus A319-112
896489,A6-BLI,Boeing 787-9
151ff5,RA-73717,Airbus A321-211
15201a,RA-73754,Airbus A320-214
4bb85a,TC-NBZ,Airbus A320-251N
151edf,RA-73439,Airbus A321-271N
01010a,SU-GDB,Boeing 737-866
140ac0,RA-02752,Embraer ERJ 135BJ Legacy 650
4ba8d2,TC-JFR,Boeing 737-8F2
1520a2,RA-73890,Boeing 737-7FY BBJ
151f6f,RA-73583,Canadair CL-600-2B19 Challenger 850
600003,EK-YRC,Airbus A320-214
683329,UP-B3737,Boeing 737-8
151fc3,RA-73667,Boeing 737-8LP
14fc07,RF-64519,Tupolev Tu-214ON
151f3a,RA-73530,Bombardier BD-700-1A11 Global 5500
151e13,RA-73235,Boeing 737-8LJ
4baa45,TC-JRE,Airbus A321-231
151d56,RA-73046,Boeing 737-542
60183d,EZ-A015,Boeing 737-82K
8965fa,A6-AUG,Airbus A320-214
151fb5,RA-73653,Boeing 737-86N
15205a,RA-73818,Airbus A320-232
706132,9K-CBK,Airbus A320-251N
151ddb,RA-73179,Airbus A320-214
4baa53,TC-JRS,Airbus A321-231
151e05,RA-73221,Airbus A319-111
152c29,RA-76841,Ilyushin Il-76TD
1d3346,RF-78662,Ilyushin Il-76MD-90A
151dae,RA-73134,Boeing 777-3M0ER
7810fb,B-8959,Airbus A330-243
4bb84f,TC-NBO,Airbus A320-251N
600853,4K-AZ83,Airbus A320-214
151e52,RA-73298,Boeing 737-8FZ
155c2f,RA-89135,Sukhoi SuperJet 100-95B
151e2b,RA-73259,Boeing 737-33R
8965d6,A6-FKK,Boeing 737-8
140aef,RA-02799,Raytheon 390 Premier 1A
151e29,RA-73257,Boeing 737-8K5
151df5,RA-73205,Airbus A319-111
151d83,RA-73091,Boeing 737-8GU
780e2e,B-8015,Airbus A330-343
151e7e,RA-73342,Boeing 777-35EER
140b2a,RA-02858,Embraer ERJ 135BJ Legacy 600
151fee,RA-73710,Airbus A321-211
152021,RA-73761,Airbus A320-214
151ef1,RA-73457,Airbus A320-271N
151e87,RA-73351,Boeing 757-223SF
152037,RA-73783,Airbus A330-343E
151fdc,RA-73692,Airbus A320-214
7808cc,B-2035,Boeing 777-39LER
151e68,RA-73320,Airbus A320-232CJ Prestige
8964d2,A6-FMC,Boeing 737-8
151f16,RA-73494,Boeing 737-8KN
14f11f,RA-61727,Antonov An-148-100E
150661,RA-67169,Canadair CL-600-2B16 Challenger 650
89409e,A9C-NA,Airbus A321-253NX
155c40,89152,Sukhoi Superjet 100-95B
151d7a,RA-73082,Boeing 767-224
7335c6,EP-MNF,Airbus A310-304
152060,RA-73824,Airbus A320-214
151ec6,RA-73414,Airbus A321-211
0d8469,YV3535,Airbus A340-642
151d95,RA-73109,Boeing 737-800WL
4ba8cb,TC-JFK,Boeing 737-8F2
151ed1,RA-73425,Airbus A320-271N
896191,A6-EER,Airbus A380-861
154ca3,RA-85155,Tupolev Tu-154M
7809ef,B-5923,Airbus A330-343E
151ffc,RA-73724,Airbus A321-211
151ff8,RA-73720,Airbus A321-211
155c37,RA-89143,Sukhoi SuperJet 100-95B
780bf8,B-2047,Boeing 777-39LER
151e4c,RA-73292,Boeing 777-312
1418d8,RA-06360,Robinson R66
70612c,9K-CBE,Airbus A320-251N
4baa49,TC-JRI,Airbus A321-231
152040,RA-73792,Airbus A321-211
141ea6,RA-07846,SOCATA TBM 910
155c60,RA-89184,Sukhoi SuperJet 100-95B
151f36,RA-73526,Bombardier BD-700-1A10 Global 6000
150641,RA-67137,Bombardier BD-100-1A10 Challenger 350
151e1d,RA-73245,Boeing 737-800WL
151e09,RA-73225,Boeing 737-800WL
151dd5,RA-73173,Airbus A320-214
4bd184,TC-TLD,Boeing 737-4Q8
155bca,RA-89034,Sukhoi SuperJet 100-95-LR
152a4b,RA-76363,Ilyushin Il-76TD
151fbb,RA-73659,Boeing 737-89P
010147,SU-GEA,Boeing 737-866
151fb9,RA-73657,Boeing 737-8JP
4c01ea,YU-APK,Airbus A319-132
780bb9,B-2098,Boeing 777-FFT
151e0b,RA-73227,Boeing 737-800WL
150657,RA-67159,Canadair CL-600-2B19 Regional Jet CRJ-200ER
78076d,B-2087,Boeing 777-39LER
896538,A6-BNA,Boeing 787-9
151da2,RA-73122,Boeing 737-8LJ
1500c5,RA-65733,Tupolev Tu-134B-3
157716,RA-96022,Ilyushin Il-96-300PU(M1)
152001,RA-73729,Airbus A321-211
151ee7,RA-73447,Boeing 737-83N
155c21,RA-89121,Sukhoi SuperJet 100-95B
142328,RA-09000,Dassault Falcon 900B
151e5e,RA-73310,Airbus A321-231
142580,RA-09600,Dassault Falcon 900EX
151d8d,RA-73101,Boeing 737-800WL
151dfb,RA-73211,Boeing 737-800WL
150694,RA-67220,Canadair CL-600-2B19 Challenger 850
15207a,RA-73850,Airbus A330-302
14fa0a,RA-64010,Tupolev Tu-204
155c0f,RA-89103,Sukhoi SuperJet 100-95B
151e72,RA-73330,Boeing 777-21HER
151dce,RA-73166,Airbus A321-211
8963b1,A6-FEO,Boeing 737-8KN
5100fb,EW-513PO,Embraer 190-200LR-195LR
15202f,RA-73775,Airbus A320-214
155bd1,RA-89041,Sukhoi SuperJet 100-95B
4ba9c1,TC-JNA,Airbus A330-203
15063a,RA-67130,Bombardier BD-100-1A10 Challenger 350
151e64,RA-73316,Boeing 737-82R
151db8,RA-73144,Boeing 777-3M0ER
6830bb,UP-CS301,Cessna 525B CitationJet CJ3
51009b,EW-456PA,Boeing 737-800WL
151dbc,RA-73148,Boeing 777-3M0ER
780094,B-6095,Airbus A330-343X
155be7,RA-89063,Sukhoi SuperJet 100-95B
601848,EZ-F428,Ilyushin Il-76TD
151d76,RA-73078,Boeing 767-3Q8ER
151e33,RA-73267,Boeing 737-7CT
896555,A6-FMO,Boeing 737-8
151d9b,RA-73115,Boeing 737-8LJ
738056,4X-EHH,Boeing 737-958ER
151ec1,RA-73409,Boeing 737-83N
152067,RA-73831,Airbus A320-214
151d92,RA-73106,Boeing 737-800WL
151e38,RA-73272,Boeing 777-2Q8ER
0a0093,7T-VKT,Boeing 737-7D6C
151e3c,RA-73276,Boeing 777-31HER
151f11,RA-73489,Boeing 737-83N
151d7f,RA-73087,Boeing 737-8AS
143d17,RA-07447,Robinson R66 Turbine
151fdd,RA-73693,Airbus A321-211
152030,RA-73776,Airbus A320-214
151ef6,RA-73462,Airbus A320-271N
151db3,RA-73139,Boeing 777-3M0ER
4bb870,TC-NCP,Airbus A320-251N
151e6d,RA-73325,Airbus A321-232
4ba8f9,TC-JGY,Boeing 737-8F2
155c10,RA-89104,Sukhoi SuperJet 100-95B
896335,A6-FED,Boeing 737-8KN
51007f,EW-399PO,Embraer 190-200LR-195LR
155bda,RA-89050,Sukhoi SuperJet 100-95LR
43beb9,RA-73151,Airbus A350-941
152026,RA-73766,Airbus A320-214
151feb,RA-73707,Airbus A321-211
70c0a7,A4O-DD,Airbus A330-343X
8963ba,A6-FEX,Boeing 737-8KN
734e70,EP-SSP,Airbus A319-111
4bb866,TC-NCF,Airbus A320-251N
151fe9,RA-73705,Airbus A321-251NX
155c06,RA-89094,Sukhoi SuperJet 100-95LR
140b2f,RA-02863,Embraer 170-100SU
010160,SU-GEB,Boeing 737-866
728677,YI-ASW,Boeing 737-800WL
152071,RA-73841,Airbus A321-231
15069d,RA-67229,Canadair CL-600-2B19 Regional Jet CRJ-200LR
8965d1,A6-FKF,Boeing 737-8
151d84,RA-73092,Boeing 757-222SF
4bb562,TC-MKB,Boeing 737-8
157766,RA-96102,Ilyushin Il-96-400T
151e2e,RA-73262,Boeing 737-7CT
781335,B-1041,Airbus A330-343E
151e55,RA-73301,Boeing 737-8LJ
151da9,RA-73129,Boeing 737-800WL
896533,A6-FML,Boeing 737-8
6831ef,UP-B3712,Boeing 737-35B
600012,EK-SHC,Boeing 737-55S
155c2a,RA-89130,Sukhoi SuperJet 100-95B
155bf6,RA-89078,Sukhoi SuperJet 100-95LR
15200a,RA-73738,Airbus A320-214
600bbf,4K-AZ11,Boeing 757-22L
151dab,RA-73131,Boeing 777-3M0ER
4bb84a,TC-NBJ,Airbus A320-251N
14fc16,RA-64534,Tupolev Tu-214PU
466b38,,-
4c01e1,YU-APB,Airbus A319-132
148000,RF-32768,Beriev Be-200CHS
15205f,RA-73823,Airbus A320-251N
155bc1,RA-89025,Sukhoi SuperJet 100-95B
8965ff,A6-ANC,Airbus A320-214
4ba948,TC-JJH,Boeing 777-3F2ER
151dde,RA-73182,Airbus A320-214
152c2e,RA-76846,Ilyushin Il-76TD
151de8,RA-73192,Boeing 737-8GJ
151e14,RA-73236,Boeing 737-8LJ
15064a,RA-67146,Canadair CL-600-2B19 Regional Jet CRJ-100ER
151f3f,RA-73535,Canadair CL-600-2B19 Challenger 850
60183c,EZ-A016,Boeing 737-82K
151d51,RA-73041,Boeing 737-524
154f53,RA-85843,Tupolev Tu-154M
140b40,RA-02880,Embraer ERJ 135BJ Legacy 600
151fc4,RA-73668,Boeing 737-8LP
600004,EK-FOA,Airbus A319-112
151eda,RA-73434,Airbus A320-271N
151d9e,RA-73118,Boeing 737-8LJ
151d71,RA-73073,Boeing 757-2Q8
4baa62,TC-JSB,Airbus A321-231
14f116,RA-61718,Antonov An-148-100EA
14066a,RA-01642,Bell 429 GlobalRanger
151fd3,RA-73683,Airbus A319-114
155be0,RA-89056,Sukhoi SuperJet 100-95B
151efa,RA-73466,Airbus A320-271N
151e63,RA-73315,Boeing 737-8KN
8963b6,A6-FET,Boeing 737-8KN
151dcb,RA-73163,Airbus A321-211
1506b2,RA-67250,Bombardier BD-100-1A10 Challenger 300
4bc847,TC-RBG,Airbus A321-251NX
15202a,RA-73770,Airbus A320-214
151dc9,RA-73161,Airbus A321-211
151d8c,RA-73100,Boeing 737-800WL
151dfe,RA-73214,Airbus A320-214
896378,A6-FEG,Boeing 737-8KN
150693,RA-67219,Canadair CL-600-2B19 Challenger 850
142587,RA-09607,Dassault Falcon 7X
896401,A6-AOB,Airbus A320-214
151d88,RA-73096,Boeing 737-8LJ
151e22,RA-73250,Boeing 737-800WL
155c26,RA-89126,Sukhoi SuperJet 100-95B
15087f,RA-67711,Cessna 172S Skyhawk SP
151e5b,RA-73307,Boeing 737-800WL
157711,RA-96017,Ilyushin Il-96-300
4b9e44,TC-GRD,Airbus A321-231
151da5,RA-73125,Boeing 737-8LJ
151e59,RA-73305,Boeing 737-800WL
155bfa,RA-89082,Sukhoi SuperJet 100-95LR
151ee0,RA-73440,Airbus A321-271N
152006,RA-73734,Airbus A320-251N
14232d,RA-09005,Dassault Falcon 7X
151e0e,RA-73230,Boeing 737-800WL
152ad7,RA-76503,Ilyushin Il-76TD-90VD
151dd2,RA-73170,Airbus A320-214
151fbe,RA-73662,Airbus A320-251N
152051,RA-73809,Airbus A320-214
151fc8,RA-73672,Boeing 737-8LP
78147a,B-300U,Airbus A330-343E
4baa4e,TC-JRN,Airbus A321-231
150646,RA-67142,Canadair CL-600-2B19 Regional Jet CRJ-100ER
151e1c,RA-73244,Boeing 737-800WL
141e18,RA-07704,AgustaWestland AW139
151e18,RA-73240,Boeing 737-800WL
8960f2,A6-EDQ,Airbus A380-861
151de4,RA-73188,Boeing 737-8Q8
152047,RA-73799,Airbus A321-231
7335a1,EP-MMA,Airbus A340-311
1506a8,RA-67240,Canadair CL-600-2B19 Regional Jet CRJ-200ER
0100df,SU-GCR,Boeing 737-866
151ffd,RA-73725,Airbus A321-211
152010,RA-73744,Airbus A320-214
151ed6,RA-73430,Airbus A320-271N
1506ac,RA-67244,Canadair CL-600-2B19 Challenger 850
683266,UP-B3720,Boeing 737-8
140aca,RA-02762,Raytheon Hawker 800XP
8963af,A6-FEM,Boeing 737-8KN
151ffe,RA-73726,Airbus A321-211
152011,RA-73745,Airbus A320-214
8965b1,A6-FMU,Boeing 737-8
600009,EK-222,SOCATA TBM 940
1506a9,RA-67241,Bombardier BD-700-1A10 Global 6000
155c31,RA-89137,Sukhoi SuperJet 100-95B
896601,A6-ANE,Airbus A320-214
60084d,4K-AZ77,Airbus A320-214
151e4e,RA-73294,Boeing 737-8MA
4ba904,TC-JHD,Boeing 737-8F2
141e19,RA-07705,AgustaWestland AW139
151e19,RA-73241,Boeing 737-800WL
155bba,RA-89018,Sukhoi SuperJet 100-95B
152046,RA-73798,Airbus A321-231
4baa4d,TC-JRM,Airbus A321-231
151e1b,RA-73243,Boeing 737-800WL
151fbd,RA-73661,Boeing 737-8Q8
507c3f,UK32016,Airbus A320-214
152050,RA-73808,Airbus A320-214
896586,A6-AUB,Airbus A320-214
151d4a,RA-73034,Boeing 767-3Q8ER
78076b,B-2085,Boeing 777-39LER
02a1a7,TS-INH,Airbus A320-214
151e0d,RA-73229,Boeing 737-800WL
14a5b7,RA-42423,Yakovlev Yak-42D
4ba945,TC-JJE,Boeing 777-3F2ER
150651,RA-67153,Canadair CL-600-2B19 Regional Jet CRJ-200ER
157710,RA-96016,Ilyushin Il-96-300
4b9e45,TC-GRE,Airbus A321-253NX
151e58,RA-73304,Boeing 737-800WL
151da4,RA-73124,Boeing 737-8LJ
781590,B-304K,Airbus A330-343
152007,RA-73735,Airbus A320-251N
155c27,RA-89127,Sukhoi SuperJet 100-95B
151e5c,RA-73308,Boeing 737-800WL
142586,RA-09606,Dassault Falcon 8X
151d66,RA-73062,Boeing 737-524
89637b,A6-FEJ,Boeing 737-8KN
1fffff,RA-20092,Kazan Ansat
142afa,RA-11002,Gulfstream Aerospace GIV-X (G450)
151d89,RA-73097,Boeing 737-8LJ
15067f,RA-67199,Cessna 172S Skyhawk SP
151e23,RA-73251,Boeing 737-8AS
151d8b,RA-73099,Boeing 737-800WL
151eba,RA-73402,Airbus A320-214
150692,RA-67218,Canadair CL-600-2B19 Challenger 850
151dc8,RA-73160,Airbus A321-211
151dcc,RA-73164,Airbus A321-211
155bd7,RA-89047,Sukhoi SuperJet 100-95B
155c1f,RA-89119,Sukhoi SuperJet 100-95B
151e62,RA-73314,Boeing 737-8KN
4ba8f4,TC-JGT,Boeing 737-8F2
151dbe,RA-73150,Boeing 777-3M0ER
4b850c,TC-AHL,Gulfstream IV-SP
151fd2,RA-73682,Airbus A319-114
155be1,RA-89057,Sukhoi SuperJet 100-95B
151e8f,RA-73359,Boeing 737-8Q8
151d70,RA-73072,Boeing 757-2Q8
780c5b,B-2091,Boeing 777-FFT
155c4a,RA-89162,Sukhoi SuperJet 100-95B
151e35,RA-73269,Boeing 737-8Q8
14f117,RA-61719,Antonov An-148-100EA
15206a,RA-73834,Airbus A320-214
15201f,RA-73759,Airbus A320-214
151ff2,RA-73714,Airbus A321-211
4ba8d4,TC-JFT,Boeing 737-8F2
600843,4K-AZ67,Embraer 190-100AR
5100e9,EW-502LL,Pilatus PC-12/47E
510115,EW-527PA,Boeing 737-82R
683285,UP-CS502,Cessna 750 Citation X
600005,EK73740,Boeing 737-3L9
778681,YK-ATA,Ilyushin Il-76T
15204a,RA-73802,Airbus A321-251NX
0200ae,CN-ROY,Boeing 737-8B6
151e15,RA-73237,Boeing 737-8LJ
60183b,EZ-A017,Boeing 737-82K
151fb3,RA-73651,Boeing 737-752
155bc0,RA-89024,Sukhoi SuperJet 100-95B
4ba949,TC-JJI,Boeing 777-3F2ER
780b2a,B-8271,Gulfstream Aerospace GIV-X (G450)
151e03,RA-73219,Airbus A319-111
151d46,RA-73030,Boeing 767-3Q8ER
155bf7,RA-89079,Sukhoi SuperJet 100-95LR
151dac,RA-73132,Boeing 777-3M0ER
151da8,RA-73128,Boeing 737-8LJ
151e54,RA-73300,Boeing 737-8LJ
152c97,RA-76951,Ilyushin Il-76TD-90VD
896477,A6-EUM,Airbus A380-842
140671,RA-01649,Bell 505 JetRanger X
151e2d,RA-73261,Boeing 737-86N
14069e,RA-01694,AgustaWestland AW139
010161,SU-GEC,Boeing 737-866
152070,RA-73840,Airbus A321-251NX
728676,YI-ASV,Boeing 737-800WL
15069e,RA-67230,Canadair CL-600-2B19 Regional Jet CRJ-200LR
151df3,RA-73203,Airbus A319-111
151d85,RA-73093,Boeing 737-8LJ
4bb563,TC-MKC,Boeing 737-8
151e7c,RA-73340,Boeing 777-212ER
51012d,EW-544PA,Boeing 737-8K5
02007a,CN-ROP,Boeing 737-8B6
151fe8,RA-73704,Airbus A321-251NX
155c07,RA-89095,Sukhoi SuperJet 100-95LR
43beb8,RA-73152,Airbus A350-941
152027,RA-73767,Airbus A320-214
151fec,RA-73708,Airbus A321-211
781230,B-8863,Airbus A330-343E
155c11,RA-89105,Sukhoi SuperJet 100-95B
040047,ET-AOQ,Boeing 787-8
896334,A6-FEC,Boeing 737-8KN
151fde,RA-73694,Airbus A320-232
152031,RA-73777,Airbus A320-214
151ef7,RA-73463,Airbus A320-271N
155bef,RA-89071,Sukhoi SuperJet 100-95LR
151db2,RA-73138,Boeing 777-3M0ER
8964d4,A6-FME,Boeing 737-8
140aaa,RA-02730,Raytheon Hawker 850XP
89610d,A6-ECF,Boeing 777-31HER
151e3b,RA-73275,Boeing 777-31HER
155c46,RA-89158,Sukhoi SuperJet 100-95B
1506fe,RA-67326,Cessna 500 Citation I
151ec0,RA-73408,Boeing 737-83N
152066,RA-73830,Airbus A320-214
151d93,RA-73107,Boeing 737-800WL
140ac5,RA-02757,Embraer Legacy 600
1506a6,RA-67238,Bombardier Challenger 605
14fa39,RA-64057,Tupolev Tu-204-300A
151edc,RA-73436,Airbus A321-211
15201e,RA-73758,Airbus A320-214
14fa3b,RA-64059,Tupolev Tu-204-300A
151ed8,RA-73432,Airbus A320-271N
032091,,-
510116,EW-528PA,Boeing 737-8
151dea,RA-73194,Airbus A320-214
424455,VQ-BBL,Boeing 737-93YER
7816a1,B-308L,Airbus A330-243F
151fc6,RA-73670,Boeing 737-8ZS
15204b,RA-73803,Airbus A320-214
151d53,RA-73043,Boeing 737-524
155c6b,RA-89195,Sukhoi SuperJet 95-100LR
152049,RA-73801,Airbus A321-251NX
1501c8,RA-65992,Tupolev Tu-134AK
141e16,RA-07702,AgustaWestland AW139
151e16,RA-73238,Boeing 737-800WL
15205d,RA-73821,Airbus A320-251N
151d45,RA-73029,Boeing 757-2K2
151e00,RA-73216,Airbus A319-112
600801,4K-8888,Airbus A319-115X CJ
4bb84c,TC-NBL,Airbus A320-251N
3cd70e,D-CITA,Learjet 60
8962d1,A6-ANB,Airbus A320-214
151eee,RA-73454,Airbus A320-271N
68333a,UP-EM025,Embraer ERJ 135BJ Legacy 650
1d3343,RF-78659,Ilyushin Il-76MD-90A
8965cc,A6-FKA,Boeing 737-8
155bf4,RA-89076,Sukhoi SuperJet 100-95LR
155c28,RA-89128,Sukhoi SuperJet 100-95B
600010,EK73736,Boeing 737-505
155c2c,RA-89132,Sukhoi SuperJet 100-95B
151e57,RA-73303,Boeing 737-800WL
acb8f4,RA-07845,Beech G36 Bonanza
896376,A6-FEE,Boeing 737-8KN
151d6b,RA-73067,Boeing 737-45S
151d86,RA-73094,Boeing 737-8LJ
151d69,RA-73065,Boeing 737-45S
152073,RA-73843,Airbus A321-231
155bd8,RA-89048,Sukhoi SuperJet 100-95LR
140b2d,RA-02861,Embraer 170-100SU
507c49,UK67006,Boeing 767-33PER
b11ec9,RA-73417,Airbus A319-133CJ
4bb864,TC-NCD,Airbus A320-251N
5140b3,4L-GTD,Boeing 737-8FH
151dc7,RA-73159,Airbus A330-343E
8963bc,A6-FEZ,Boeing 737-8KN
7806e1,B-6527,Airbus A330-343X
152024,RA-73764,Airbus A320-214
70c0a5,A4O-DB,Airbus A330-343X
155bdc,RA-89052,Sukhoi SuperJet 100-95B
151d2c,RA-73004,Boeing 737-76N
155c12,RA-89106,Sukhoi SuperJet 100-95B
151db1,RA-73137,Boeing 777-3M0ER
4bb872,TC-NCR,Airbus A320-251N
151ef4,RA-73460,Airbus A320-271N
151d28,RA-73000,Boeing 737-76N
152032,RA-73778,Airbus A320-214
601115,EX-32010,Airbus A320-232
151d7d,RA-73085,Boeing 737-8AS
140664,RA-01636,Bell 429 GlobalRanger
14f11c,RA-61724,Antonov An-148-100E
151d90,RA-73104,Boeing 737-800WL
4b906c,TC-DCL,Airbus A320-214
152065,RA-73829,Airbus A320-214
151ec3,RA-73411,Boeing 737-8GJ
8965b2,A6-FMV,Boeing 737-8
1506aa,RA-67242,Bombardier Global Express XRS
151fff,RA-73727,Airbus A321-211
152012,RA-73746,Airbus A320-214
053977,VARIOUS,Several Different Aircraft
4bb852,TC-NBR,Airbus A320-251N
151e4f,RA-73295,Boeing 737-8MA
0100dd,SU-GCO,Boeing 737-866
1533ad,RA-78765,Ilyushin Il-76TD
155c32,RA-89138,Sukhoi SuperJet 100-95B
152045,RA-73797,Airbus A321-231
7335a3,EP-MMC,Airbus A340-313
150644,RA-67140,Canadair CL-600-2B19 Regional Jet CRJ-200LR
151e1a,RA-73242,Boeing 737-8LJ
155bb9,RA-89017,Sukhoi SuperJet 100-95B
155c65,RA-89189,Sukhoi SuperJet 100-95B
141d5d,RA-07517,Eurocopter AS350 B3e Ecureuil
896585,A6-AUA,Airbus A320-214
4bd181,TC-TLA,Boeing 737-4Q8
507c3e,UK32015,Airbus A320-214
152053,RA-73811,Airbus A319-112
151dd0,RA-73168,Airbus A320-214
4ba946,TC-JJF,Boeing 777-3F2ER
49c16c,PM-M370,BRM Aero Bristell NG5 SpeedWing
151d4b,RA-73035,Boeing 737-524
89642d,A6-AOJ,Airbus A320-214
4c01ed,YU-APN,Airbus A319-132
152004,RA-73732,Airbus A320-251N
152c98,RA-76952,Ilyushin Il-76TD-90VD
683273,UP-B3726,Boeing 737-9
151da7,RA-73127,Boeing 737-8LJ
155c24,RA-89124,Sukhoi SuperJet 100-95B
155bf8,RA-89080,Sukhoi SuperJet 100-95LR
151e20,RA-73248,Boeing 737-800WL
152a8d,RA-76429,Ilyushin Il-76TD
151d65,RA-73061,Boeing 737-524
151ebb,RA-73403,Airbus A320-214
1405ee,RA-01518,Pilatus PC-12/47E
150691,RA-67217,Bombardier BD-100-1A10 Challenger 300
140ae4,RA-02788,Embraer EMB 550 Legacy 500
142af9,RA-11001,Gulfstream Aerospace GIV-X (G450)
151d8a,RA-73098,Boeing 737-800WL
155c0c,RA-89100,Sukhoi SuperJet 100-95B
152028,RA-73768,Airbus A320-214
70c0ab,A4O-DE,Airbus A330-343X
507c45,UK67004,Boeing 767-33PER
151fe7,RA-73703,Airbus A321-251NX
15202c,RA-73772,Airbus A320-214
155bd4,RA-89044,Sukhoi SuperJet 100-95B
155c08,RA-89096,Sukhoi SuperJet 100-95LR
780d8f,B-2094,Boeing 777-FFT
140629,RA-01577,Pilatus PC-24
8963b4,A6-FER,Boeing 737-8KN
151e61,RA-73313,Boeing 737-82R
0101b6,SU-GEF,Boeing 737-800WL
155c1e,RA-89118,Sukhoi SuperJet 100-95B
140b35,RA-02869,Embraer 170-100SU
151ef8,RA-73464,Airbus A320-271N
4bc853,TC-RBS,Airbus A321-251NX
155be2,RA-89058,Sukhoi SuperJet 100-95B
151fd1,RA-73681,Airbus A319-114
040048,ET-AOR,Boeing 787-8
734e6c,EP-SSL,Airbus A319-111
4bd154,TC-TJT,Boeing 737-8HC
151d73,RA-73075,Boeing 757-2Q8
152069,RA-73833,Airbus A320-214
15206b,RA-73835,Airbus A320-214
72866d,YI-ASM,Boeing 737-8
151ecd,RA-73421,Airbus A320-214
51408c,4L-GTI,Boeing 737-7CT
140668,RA-01640,Bell 429 GlobalRanger
15206c,RA-73836,Airbus A321-251NX
010250,SU-TCL,Airbus A321-231
151d9f,RA-73119,Boeing 737-8LJ
4b9065,TC-DCE,Airbus A320-214
14f115,RA-61717,Antonov An-148-100EM
780301,B-6085,Airbus A330-343X
4bd155,TC-TJU,Boeing 737-8HX
151e37,RA-73271,Airbus A321-231
4baa61,TC-JSA,Airbus A321-231
151d72,RA-73074,Boeing 757-2Q8
60111c,EX-32014,Airbus A320-214
142592,RA-09618,Dassault Falcon 7X
152068,RA-73832,Airbus A320-214
155be3,RA-89059,Sukhoi SuperJet 100-95B
151efb,RA-73467,Boeing 737-8AS(F)
15203d,RA-73789,Airbus A330-343E
4ba8f6,TC-JGV,Boeing 737-8F2
154c32,RA-85042,Tupolev Tu-154M
151e60,RA-73312,Boeing 737-8AS
1427dd,RA-10205,Gulfstream Aerospace GVI (G650)
155c1d,RA-89117,Sukhoi SuperJet 100-95B
151ef9,RA-73465,Airbus A320-271N
507c44,UK67003,Boeing 767-33PER
15202b,RA-73771,Airbus A320-214
4bb86b,TC-NCK,Airbus A320-251N
8963b5,A6-FES,Boeing 737-8KN
14fa0e,RA-64014,Tupolev Tu-204-100
600031,EK-FOB,Airbus A320-233
155c0b,RA-89099,Sukhoi SuperJet 100-95B
152029,RA-73769,Airbus A320-214
150690,RA-67216,Bombardier Challenger 604
151ebc,RA-73404,Airbus A320-214
151dff,RA-73215,Airbus A319-115LR
150805,RA-67589,Cessna 560XL Citation XLS+
151e21,RA-73249,Boeing 737-800WL
600be9,,-
142584,RA-09604,Dassault Falcon 7X
151e5a,RA-73306,Boeing 737-800WL
155bf9,RA-89081,Sukhoi SuperJet 100-95LR
155c25,RA-89125,Sukhoi SuperJet 100-95B
152005,RA-73733,Airbus A320-251N
73054a,EP-AJJ,Airbus A320-212
151da6,RA-73126,Boeing 737-8LJ
157712,RA-96018,Ilyushin Il-96-300
151e0f,RA-73231,Boeing 737-800WL
4ba947,TC-JJG,Boeing 777-3F2ER
89642e,A6-AOI,Airbus A320-214
4c01ee,YU-APO,Airbus A320-232
507c3d,UK32014,Airbus A320-214
7810c6,B-8776,Airbus A330-243
151dd1,RA-73169,Airbus A320-214
142382,RA-09090,Dassault Falcon 7X
09a055,C5-SUV,Embraer ERJ 135BJ Legacy 650
155c64,RA-89188,Sukhoi SuperJet 100-95B
152044,RA-73796,Airbus A321-211
155bbc,RA-89020,Sukhoi SuperJet 100-95B
781479,B-300V,Airbus A330-343E
60084f,4K-AZ79,Airbus A320-214
14fa34,RA-64052,Tupolev Tu-204-120C
155c33,RA-89139,Sukhoi SuperJet 100-95B
151ed5,RA-73429,Airbus A320-271N
8965b3,A6-FMW,Boeing 737-8
152013,RA-73747,Airbus A320-214
8963ad,A6-FEK,Boeing 737-8KN
152064,RA-73828,Airbus A320-214
151ec2,RA-73410,Boeing 737-8GJ
155c44,RA-89156,Sukhoi SuperJet 100-95B
151d7e,RA-73086,Boeing 737-8AS
151f12,RA-73490,Airbus A321-211
4b9069,TC-DCI,Airbus A320-216
14f11b,RA-61723,Antonov An-148-100A
ea000f,,-
151db0,RA-73136,Boeing 777-3M0ER
4bb873,TC-NCS,Airbus A320-251N
151ef5,RA-73461,Airbus A320-271N
155bed,RA-89069,Sukhoi SuperJet 100-95LR
152033,RA-73779,Airbus A320-214
780970,B-2036,Boeing 777-39LER
151dc6,RA-73158,Boeing 777-300ER
8963bb,A6-FEY,Boeing 737-8KN
152025,RA-73765,Airbus A320-214
507c4c,UK78701,Boeing 787-8
151fea,RA-73706,Airbus A321-211
155bdb,RA-89051,Sukhoi SuperJet 100-95B
6010ab,EX-37012,Boeing 737-33A
155bd9,RA-89049,Sukhoi SuperJet 100-95LR
155c05,RA-89093,Sukhoi SuperJet 100-95LR
504e64,ER-00006,Airbus A320-232
140b2e,RA-02862,Embraer 170-100SU
507c48,UK67005,Boeing 767-33PER
8963b9,A6-FEW,Boeing 737-8KN
151f53,RA-73555,Bombardier BD-700-1A10 Global 6000
140aeb,RA-02795,Embraer ERJ 135BJ Legacy 600
1407cd,RA-01997,AgustaWestland AW139
151df1,RA-73201,Airbus A319-111
151d87,RA-73095,Boeing 737-8LJ
8965d2,A6-FKG,Boeing 737-8
152072,RA-73842,Airbus A321-231
14258c,RA-09612,Dassault Falcon 8X
151e2f,RA-73263,Boeing 737-76N
140ae9,RA-02793,Raytheon Hawker 800XP
781273,B-1340,Boeing 747-4HAERF
155c2b,RA-89131,Sukhoi SuperJet 100-95B
151e56,RA-73302,Boeing 737-800WL
896530,A6-FMJ,Boeing 737-8
151daa,RA-73130,Boeing 777-3M0ER
151eed,RA-73453,Airbus A320-271N
6010c5,EX-37015,Boeing 737-3K2
155c29,RA-89129,Sukhoi SuperJet 100-95B
155bf5,RA-89077,Sukhoi SuperJet 100-95LR
781463,B-300Q,Airbus A330-343E
151d44,RA-73028,Airbus A321-251NX
151e01,RA-73217,Airbus A320-214
151ddf,RA-73183,Airbus A320-214
155bc2,RA-89026,Sukhoi SuperJet 100-95B
ab6383,RA-07841,Cirrus SR22
15205e,RA-73822,Airbus A320-251N
151d52,RA-73042,Boeing 737-524
896434,A6-AOK,Airbus A320-214
155c6c,RA-89196,Sukhoi SuperJet 100-95LR
152048,RA-73800,Airbus A321-251NX
141e17,RA-07703,AgustaWestland AW139
151e17,RA-73239,Boeing 737-800WL
15064b,RA-67147,Bombardier Challenger 605
4baa41,TC-JRA,Airbus A321-231
8964cf,A6-MAX,Boeing 737-8
15009a,RA-65690,Tupolev Tu-134AK
738072,4X-ECB,Boeing 777-258ER
26002b,,-
151fc7,RA-73671,Boeing 737-8LP
15204c,RA-73804,Airbus A320-214
155c3d,RA-89149,Sukhoi SuperJet 100-95B
151ed9,RA-73433,Airbus A320-271N
8964fa,A6-BLU,Boeing 787-9
780b69,B-5929,Airbus A330-343E
1506a7,RA-67239,Canadair CL-600-2B19 Regional Jet CRJ-200ER
151edb,RA-73435,Airbus A320-271N
68332f,UP-EM024,Embraer ERJ 135BJ Legacy 650
15201d,RA-73757,Airbus A320-214
151ff0,RA-73712,Airbus A321-211
152014,RA-73748,Airbus A320-214
151ed2,RA-73426,Airbus A320-271N
8965b4,A6-FMX,Boeing 737-8
4bb854,TC-NBT,Airbus A320-251N
14fa33,RA-64051,Tupolev Tu-204-120C
155c34,RA-89140,Sukhoi SuperJet 100-95B
151d59,RA-73049,Boeing 737-524
152043,RA-73795,Airbus A321-211
14fc08,RA-64520,Tupolev Tu-214PU
151de0,RA-73184,Boeing 737-85R
141d5b,RA-07515,Eurocopter AS350 B3e Ecureuil
155c63,RA-89187,Sukhoi SuperJet 100-95B
152055,RA-73813,Airbus A320-232
151fba,RA-73658,Boeing 737-8Q8
151e0a,RA-73226,Boeing 737-800WL
150654,RA-67156,Canadair CL-600-2B19 Regional Jet CRJ-200ER
155bc9,RA-89033,Sukhoi SuperJet 100-95LR
507c38,UK67001,Boeing 767-33PER
152002,RA-73730,Airbus A320-251N
157715,RA-96021,Ilyushin Il-96-300PU(M1)
151da1,RA-73121,Boeing 737-8LJ
155c22,RA-89122,Sukhoi SuperJet 100-95B
142afd,RA-11005,Gulfstream Aerospace GVI (G650ER)
778827,YK-BAG,Airbus A320-212
151e26,RA-73254,Boeing 737-8AS
155c5b,RA-89179,Sukhoi SuperJet 100-95B
43be90,RA-73154,Airbus A350-941
152079,RA-73849,Airbus A330-302
151ebd,RA-73405,Airbus A320-214
151dfa,RA-73210,Airbus A319-114
140ae2,RA-02786,Embraer ERJ 135BJ Legacy 600
151e71,RA-73329,Boeing 777-21HER
1427ee,RA-10222,Gulfstream Aerospace GV-SP (G550)
155c0e,RA-89102,Sukhoi SuperJet 100-95B
4ba9c2,TC-JNB,Airbus A330-203
15202e,RA-73774,Airbus A320-214
151fe1,RA-73697,Boeing 777-300ER
8963b2,A6-FEP,Boeing 737-8KN
151dcf,RA-73167,Airbus A320-214
1427dc,RA-10204,Gulfstream G650
600866,4K-AZ102,Ilyushin IL-76TD
151f4e,RA-73550,Bombardier BD-700-1A10 Global 6000
15063b,RA-67131,Bombardier BD-700-1A11 Global 5000
781540,B-303D,Airbus A330-343E
151e67,RA-73319,Boeing 737-800WL
155c1c,RA-89116,Sukhoi SuperJet 100-95B
151e88,RA-73352,Boeing 757-223SF
152038,RA-73784,Airbus A330-343E
507c55,UK78705,Boeing 787-8
15203c,RA-73788,Airbus A330-343E
1f3395,78741,Ilyushin Il-78M-90A
155c18,RA-89112,Sukhoi SuperJet 100-95B
155be4,RA-89060,Sukhoi SuperJet 100-95B
151e30,RA-73264,Boeing 737-86N
14a5ac,RA-42412,Yakovlev Yak-42D
896556,A6-FMN,Boeing 737-8
147ffe,RF-32766,Beriev Be-200ES
151d75,RA-73077,Boeing 757-2Q8
896413,A6-AOH,Airbus A320-214
0a0074,7T-VKD,Boeing 737-8D6
151ecb,RA-73419,Airbus A320-214
738055,4X-EHF,Boeing 737-958ER
151f19,RA-73497,Boeing 737-8BK
140ad4,RA-02772,British Aerospace BAe-125 Series 800A
151d9a,RA-73114,Boeing 737-8LJ
151ff7,RA-73719,Airbus A321-211
01010b,SU-GDC,Boeing 737-866
15201c,RA-73756,Airbus A320-214
155c38,RA-89144,Sukhoi SuperJet 100-95B
1506a0,RA-67232,Canadair CL-600-2B19 Challenger 850
151ede,RA-73438,Airbus A321-211
010109,SU-GDA,Boeing 737-886
152018,RA-73752,Airbus A320-214
151f39,RA-73529,Bombardier BD-700-1A10 Global Express XRS
1551e0,RA-86496,Ilyushin Il-62M
15204d,RA-73805,Airbus A320-214
151fc0,RA-73664,Boeing 737-8ZS
151e10,RA-73232,Boeing 737-800WL
14fc04,RA-64516,Tupolev Tu-214SR
150658,RA-67160,Bombardier BD-700-1A10 Global 6000
706131,9K-CBJ,Airbus A320-251N
151dda,RA-73178,Airbus A321-211
14169a,RA-05786,Robinson R66 Turbine
152c2a,RA-76842,Ilyushin Il-76TD
151fb6,RA-73654,Boeing 737-86N
15205b,RA-73819,Airbus A320-214
780bb6,B-2095,Boeing 777-FFT
781cde,B-221F,Boeing 767-33AERSF
155bc5,RA-89029,Sukhoi SuperJet 100-95LR
151d43,RA-73027,Airbus A321-251NX
152059,RA-73817,Airbus A320-232
141d43,RA-07491,Eurocopter EC130 T2
14fc12,RA-64530,Tupolev Tu-214
14f124,RA-61732,Antonov An-148-100E
4baa50,TC-JRP,Airbus A321-231
151daf,RA-73135,Boeing 777-3M0ER
68327b,UP-EM019,Embraer ERJ 135BJ Legacy 600
151eec,RA-73452,Airbus A320-271N
1d3345,RF-78661,Ilyushin Il-76MD-90A
8965ce,A6-FKC,Boeing 737-8
510043,EW-254PA,Boeing 737-3Q8
683296,UP-B3730,Boeing 737-82R
155c2e,RA-89134,Sukhoi SuperJet 100-95B
151e51,RA-73297,Boeing 737-8LJ
157719,RA-96025,Ilyushin Il-96-300PU(M1)
600850,4K-AZ80,Airbus A320-214
151d6d,RA-73069,Boeing 737-45S
151e2a,RA-73258,Boeing 737-8K5
151d80,RA-73088,Boeing 737-8GU
4bb566,TC-MKF,Boeing 737-8
152075,RA-73845,Airbus A321-231
8965d5,A6-FKJ,Boeing 737-8
15521f,RA-86559,Ilyushin Il-62M
151d3c,RA-73532,Canadair CL-600-2B19 Challenger 850
151e7f,RA-73343,Boeing 737-9GPER
510080,EW-400PO,Embraer 190-200LR-195LR
155bde,RA-89054,Sukhoi SuperJet 100-95LR
151fef,RA-73711,Airbus A321-231
152022,RA-73762,Airbus A320-214
155be8,RA-89064,Sukhoi SuperJet 100-95B
155c14,RA-89108,Sukhoi SuperJet 100-95B
507c59,UK78706,Boeing 787-8
151db7,RA-73143,Boeing 777-3M0ER
4bb874,TC-NCT,Airbus A320-251N
152034,RA-73780,Airbus A320-214
151ef2,RA-73458,Airbus A320-271N
154e52,RA-85586,Tupolev Tu-154B-2
155c43,RA-89155,Sukhoi SuperJet 100-95B
151d7b,RA-73083,Boeing 767-224ER
151f15,RA-73493,Boeing 737-8KN
151d96,RA-73110,Boeing 737-800WL
151ec5,RA-73413,Airbus A321-211
15068f,RA-67215,Bombardier BD-700-1A10 Global Express XRS
152063,RA-73827,Airbus A320-214
4b906d,TC-DCM,Airbus A320-214
151d97,RA-73111,Boeing 737-800WL
151d78,RA-73080,Boeing 767-3Y0ER
152062,RA-73826,Airbus A320-214
155c42,RA-89154,Sukhoi SuperJet 100-95B
151d7c,RA-73084,Boeing 737-8AS
780022,B-2089,Boeing 777-39LER
151e3f,RA-73279,Boeing 777-312
151f14,RA-73492,Airbus A320-271N
151db6,RA-73142,Boeing 777-3M0ER
4bb875,TC-NCU,Airbus A320-251N
140aae,RA-02734,Raytheon Hawker 800XP
152035,RA-73781,Airbus A320-214
151ef3,RA-73459,Airbus A320-271N
155beb,RA-89067,Sukhoi SuperJet 100-95LR
155c15,RA-89109,Sukhoi SuperJet 100-95B
155be9,RA-89065,Sukhoi SuperJet 100-95B
8963c9,A6-ANY,Airbus A320-214
151e6a,RA-73322,Airbus A321-251N
4bb863,TC-NCC,Airbus A320-251N
155bdd,RA-89053,Sukhoi Superjet 100-95B
4ba9cd,TC-JNM,Airbus A330-343E
152023,RA-73763,Airbus A320-214
151df7,RA-73207,Airbus A320-214
151d81,RA-73089,Boeing 737-8GU
42446c,RA-73155,Airbus A350-941
152c07,RA-76807,Ilyushin Il-76TD
152074,RA-73844,Airbus A321-231
15069a,RA-67226,Bombardier Global 5000
8965d4,A6-FKI,Boeing 737-8
89611f,A6-ECX,Boeing 777-31HER
14fa2c,RA-64044,Tupolev Tu-204-300
151ee9,RA-73449,Airbus A320-271N
155c2d,RA-89133,Sukhoi SuperJet 100-95B
683297,UP-B3731,Boeing 737-82R
151e50,RA-73296,Boeing 737-81D
1416ba,RA-05818,Robinson R66 Turbine
140ab4,RA-02740,Embraer 190-100LR
151eeb,RA-73451,Airbus A320-271N
152058,RA-73816,Airbus A319-112
14fc13,RA-64531,Tupolev Tu-214PU-SBUS
14f125,RA-61733,Antonov An-148-100E
706130,9K-CBI,Airbus A320-251N
151fb7,RA-73655,Boeing 737-8AL
15205c,RA-73820,Airbus A320-251N
151d54,RA-73044,Boeing 737-524
151f3c,RA-73532,Canadair CL-600-2B19 Challenger 850
151f38,RA-73528,Bombardier BD-700-1A10 Global 6000
7811fd,B-8596,Airbus A330-243
151fc1,RA-73665,Boeing 737-8ZS
896465,A6-BLG,Boeing 787-9
600001,EK-YRB,Airbus A320-214
152019,RA-73753,Airbus A320-214
1520a0,RA-73888,Airbus A318-112CJ Elite
515313,EY-787,Boeing 737-8GJ
4bb859,TC-NBY,Airbus A320-251N
15770e,RA-96014,Ilyushin Il-96-300
151ff6,RA-73718,Airbus A321-211
15201b,RA-73755,Airbus A320-214
142330,RA-09008,Dassault Falcon 900EX EASy
151f80,RA-73600,Canadair CL-600-2B19 Challenger 850
1506a1,RA-67233,Canadair CL-600-2B19 Challenger 850
155c39,RA-89145,Sukhoi SuperJet 100-95B
151edd,RA-73437,Airbus A321-211
151ecc,RA-73420,Airbus A320-214
010256,SU-TCM,Airbus A321-231
8965ee,A6-AUE,Airbus A320-214
72866c,YI-ASL,Boeing 737-8
15206e,RA-73838,Airbus A321-251NX
151f18,RA-73496,Boeing 737-8S3
151e31,RA-73265,Boeing 737-86N
896557,A6-FMP,Boeing 737-8
78086c,B-2031,Boeing 777-39LER
780ef8,B-8287,Airbus A330-343E
1533f3,RA-78835,Ilyushin Il-76MD
151ec8,RA-73416,Airbus A321-211
151d74,RA-73076,Boeing 757-28A
4c01f2,YU-APS,Airbus A320-232
507c54,UK78704,Boeing 787-8
15203b,RA-73787,Airbus A330-343E
151e8b,RA-73355,Boeing 757-223SF
155be5,RA-89061,Sukhoi SuperJet 100-95B
155c19,RA-89113,Sukhoi SuperJet 100-95B
151dba,RA-73146,Boeing 777-300ER
1427d9,RA-10201,Gulfstream Aerospace G-IV-SP
734e6d,EP-SSM,Airbus A321-231
4bb879,TC-NCY,Airbus A320-251N
152039,RA-73785,Airbus A330-343E
4ba9c3,TC-JNC,Airbus A330-203
155bd3,RA-89043,Sukhoi SuperJet 100-95B
4bc842,TC-RBB,Airbus A321-251NX
15202d,RA-73773,Airbus A320-214
8963b3,A6-FEQ,Boeing 737-8KN
4bb86d,TC-NCM,Airbus A320-251N
151e70,RA-73328,Airbus A330-223
020072,CN-ROL,Boeing 737-8B6
155c0d,RA-89101,Sukhoi SuperJet 100-95B
141ebe,RA-07870,Pilatus PC-12/47E
151ebe,RA-73406,Airbus A320-214
151d8f,RA-73103,Boeing 737-800WL
151e27,RA-73255,Boeing 737-8AS
155c5c,RA-89180,Sukhoi SuperJet 100-95B
142582,RA-09602,Dassault Falcon 7X
155c23,RA-89123,Sukhoi SuperJet 100-95B
155bfd,RA-89085,Sukhoi SuperJet 100-95LR
140abc,RA-02748,Embraer ERJ 135BJ Legacy 650
6000a2,EK-SHA,Boeing 737-505
06a0b3,A7-BCO,Boeing 787-8
151da0,RA-73120,Boeing 737-800WL
683274,UP-B3727,Boeing 737-9
151d4e,RA-73038,Boeing 737-524
155bc8,RA-89032,Sukhoi SuperJet 100-95B
4c01ec,YU-APM,Airbus A319-132
152054,RA-73812,Airbus A320-214
507c3b,UK32012,Airbus A320-214
010145,SU-GDY,Boeing 737-866
155bcc,RA-89036,Sukhoi SuperJet 100-95LR
150643,RA-67139,Canadair CL-600-2B19 Regional Jet CRJ-200ER
151e1f,RA-73247,Boeing 737-800WL
14fc0b,RA-64523,Tupolev Tu-214VPU
155c62,RA-89186,Sukhoi SuperJet 100-95B
7335a4,EP-MMD,Airbus A340-313
152042,RA-73794,Airbus A321-211
14fc09,RA-64521,Tupolev Tu-214PU
780c9e,B-2006,Boeing 777-39LER
151de1,RA-73185,Boeing 737-8KN
155c35,RA-89141,Sukhoi SuperJet 100-95B
152015,RA-73749,Airbus A320-214
151ffa,RA-73722,Airbus A321-211
151ed3,RA-73427,Airbus A320-271N
4bb855,TC-NBU,Airbus A320-251N
