icao,tail,plane,tail_prefix,Country or region
151d9c,RA-73116,Boeing 737-8LJ,RA,Russia
15206f,RA-73839,Airbus A321-251NX,RA,Russia
151d77,RA-73079,Boeing 767-3Y0ER,RA,Russia
14f110,RA-61712,Antonov An-148-100EA,RA,Russia
151e32,RA-73266,Boeing 737-83N,RA,Russia
151d98,RA-73112,Boeing 737-8LJ,RA,Russia
155be6,RA-89062,Sukhoi SuperJet 100-95B,RA,Russia
151e8a,RA-73354,Boeing 757-223SF,RA,Russia
15203a,RA-73786,Airbus A330-343E,RA,Russia
155c1a,RA-89114,Sukhoi SuperJet 100-95B,RA,Russia
151e65,RA-73317,Boeing 737-82R,RA,Russia
155bd0,RA-89040,Sukhoi SuperJet 100-95B,RA,Russia
151e73,RA-73331,Boeing 777-21HER,RA,Russia
1407c6,RA-01990,AgustaWestland AW139,RA,Russia
151d8e,RA-73102,Boeing 737-800WL,RA,Russia
151ebf,RA-73407,Airbus A320-214,RA,Russia
142581,RA-09601,Dassault Falcon 7X,RA,Russia
43be92,RA-73153,Airbus A350-941,RA,Russia
151e24,RA-73252,Boeing 737-8AS,RA,Russia
151df8,RA-73208,Boeing 737-800WL,RA,Russia
155c20,RA-89120,Sukhoi SuperJet 100-95B,RA,Russia
14fa27,RA-64039,Tupolev Tu-204-300,RA,Russia
142329,RA-09001,Dassault Falcon 900B,RA,Russia
15537a,RA-86906,Ilyushin Il-76MD,RA,Russia
151e5d,RA-73309,Boeing 737-800WL,RA,Russia
151da3,RA-73123,Boeing 737-8LJ,RA,Russia
152000,RA-73728,Airbus A321-211,RA,Russia
151fb8,RA-73656,Boeing 737-8GJ,RA,Russia
151e0c,RA-73228,Boeing 737-800WL,RA,Russia
151dd4,RA-73172,Airbus A320-214,RA,Russia
152057,RA-73815,Airbus A319-112,RA,Russia
151fbc,RA-73660,Boeing 737-86N,RA,Russia
151e1e,RA-73246,Boeing 737-800WL,RA,Russia
151de2,RA-73186,Airbus A319-112,RA,Russia
152041,RA-73793,Airbus A321-211,RA,Russia
155bbf,RA-89023,Sukhoi SuperJet 100-95B,RA,Russia
151ff9,RA-73721,Airbus A321-211,RA,Russia
151ed0,RA-73424,Airbus A320-214,RA,Russia
152016,RA-73750,Airbus A320-214,RA,Russia
151ffb,RA-73723,Airbus A321-211,RA,Russia
152061,RA-73825,Airbus A320-212,RA,Russia
151ec7,RA-73415,Airbus A321-211,RA,Russia
151d94,RA-73108,Boeing 737-800WL,RA,Russia
151f17,RA-73495,Boeing 737-8EH,RA,Russia
150660,RA-67168,Canadair CL-600-2B16 Challenger 650,RA,Russia
151e3e,RA-73278,Boeing 777-31HER,RA,Russia
151ef0,RA-73456,Airbus A320-271N,RA,Russia
151fdb,RA-73691,Airbus A320-232,RA,Russia
151db5,RA-73141,Boeing 777-300ER,RA,Russia
151fd9,RA-73689,Airbus A321-231,RA,Russia
151fed,RA-73709,Airbus A321-211,RA,Russia
152020,RA-73760,Airbus A320-214,RA,Russia
151e90,RA-73360,Boeing 737-8Q8,RA,Russia
1427e0,RA-10208,Gulfstream Aerospace GV-SP (G550),RA,Russia
151e7d,RA-73341,Boeing 777-212ER,RA,Russia
150764,RA-67428,Cessna 525 CitationJet,RA,Russia
43bebd,RA-73156,Airbus A350-941,RA,Russia
155c00,RA-89088,Sukhoi SuperJet 100-95LR,RA,Russia
152077,RA-73847,Boeing 777-35EER,RA,Russia
151e28,RA-73256,Boeing 737-86J,RA,Russia
151d82,RA-73090,Boeing 737-8GU,RA,Russia
151d6f,RA-73071,Boeing 757-2Q8,RA,Russia
151e53,RA-73299,Boeing 737-8FZ,RA,Russia
151eea,RA-73450,Airbus A320-271N,RA,Russia
155bf0,RA-89072,Sukhoi SuperJet 100-95LR,RA,Russia
151dad,RA-73133,Boeing 777-3M0ER,RA,Russia
140ab7,RA-02743,Embraer 190-100LR,RA,Russia
152adf,RA-76511,Ilyushin Il-76TD-90VD,RA,Russia
151e04,RA-73220,Airbus A319-111,RA,Russia
151dd8,RA-73176,Airbus A320-214,RA,Russia
14f126,RA-61734,Antonov An-148-100E,RA,Russia
151d41,RA-73025,Airbus A319-115X CJ,RA,Russia
155bc7,RA-89031,Sukhoi SuperJet 100-95LR,RA,Russia
151fb4,RA-73652,Boeing 737-752,RA,Russia
151ddc,RA-73180,Airbus A320-214,RA,Russia
151e12,RA-73234,Boeing 737-800WL,RA,Russia
151d57,RA-73047,Boeing 737-524,RA,Russia
15204f,RA-73807,Airbus A320-214,RA,Russia
151dee,RA-73198,Airbus A319-112,RA,Russia
151ff5,RA-73717,Airbus A321-211,RA,Russia
15201a,RA-73754,Airbus A320-214,RA,Russia
151edf,RA-73439,Airbus A321-271N,RA,Russia
140ac0,RA-02752,Embraer ERJ 135BJ Legacy 650,RA,Russia
1520a2,RA-73890,Boeing 737-7FY BBJ,RA,Russia
151f6f,RA-73583,Canadair CL-600-2B19 Challenger 850,RA,Russia
151fc3,RA-73667,Boeing 737-8LP,RA,Russia
151f3a,RA-73530,Bombardier BD-700-1A11 Global 5500,RA,Russia
151e13,RA-73235,Boeing 737-8LJ,RA,Russia
151d56,RA-73046,Boeing 737-542,RA,Russia
151fb5,RA-73653,Boeing 737-86N,RA,Russia
15205a,RA-73818,Airbus A320-232,RA,Russia
151ddb,RA-73179,Airbus A320-214,RA,Russia
151e05,RA-73221,Airbus A319-111,RA,Russia
152c29,RA-76841,Ilyushin Il-76TD,RA,Russia
151dae,RA-73134,Boeing 777-3M0ER,RA,Russia
151e52,RA-73298,Boeing 737-8FZ,RA,Russia
155c2f,RA-89135,Sukhoi SuperJet 100-95B,RA,Russia
151e2b,RA-73259,Boeing 737-33R,RA,Russia
140aef,RA-02799,Raytheon 390 Premier 1A,RA,Russia
151e29,RA-73257,Boeing 737-8K5,RA,Russia
151df5,RA-73205,Airbus A319-111,RA,Russia
151d83,RA-73091,Boeing 737-8GU,RA,Russia
151e7e,RA-73342,Boeing 777-35EER,RA,Russia
140b2a,RA-02858,Embraer ERJ 135BJ Legacy 600,RA,Russia
151fee,RA-73710,Airbus A321-211,RA,Russia
152021,RA-73761,Airbus A320-214,RA,Russia
151ef1,RA-73457,Airbus A320-271N,RA,Russia
151e87,RA-73351,Boeing 757-223SF,RA,Russia
152037,RA-73783,Airbus A330-343E,RA,Russia
151fdc,RA-73692,Airbus A320-214,RA,Russia
151e68,RA-73320,Airbus A320-232CJ Prestige,RA,Russia
151f16,RA-73494,Boeing 737-8KN,RA,Russia
14f11f,RA-61727,Antonov An-148-100E,RA,Russia
150661,RA-67169,Canadair CL-600-2B16 Challenger 650,RA,Russia
151d7a,RA-73082,Boeing 767-224,RA,Russia
152060,RA-73824,Airbus A320-214,RA,Russia
151ec6,RA-73414,Airbus A321-211,RA,Russia
151d95,RA-73109,Boeing 737-800WL,RA,Russia
151ed1,RA-73425,Airbus A320-271N,RA,Russia
154ca3,RA-85155,Tupolev Tu-154M,RA,Russia
151ffc,RA-73724,Airbus A321-211,RA,Russia
151ff8,RA-73720,Airbus A321-211,RA,Russia
155c37,RA-89143,Sukhoi SuperJet 100-95B,RA,Russia
151e4c,RA-73292,Boeing 777-312,RA,Russia
1418d8,RA-06360,Robinson R66,RA,Russia
152040,RA-73792,Airbus A321-211,RA,Russia
141ea6,RA-07846,SOCATA TBM 910,RA,Russia
155c60,RA-89184,Sukhoi SuperJet 100-95B,RA,Russia
151f36,RA-73526,Bombardier BD-700-1A10 Global 6000,RA,Russia
150641,RA-67137,Bombardier BD-100-1A10 Challenger 350,RA,Russia
151e1d,RA-73245,Boeing 737-800WL,RA,Russia
151e09,RA-73225,Boeing 737-800WL,RA,Russia
151dd5,RA-73173,Airbus A320-214,RA,Russia
155bca,RA-89034,Sukhoi SuperJet 100-95-LR,RA,Russia
152a4b,RA-76363,Ilyushin Il-76TD,RA,Russia
151fbb,RA-73659,Boeing 737-89P,RA,Russia
151fb9,RA-73657,Boeing 737-8JP,RA,Russia
151e0b,RA-73227,Boeing 737-800WL,RA,Russia
150657,RA-67159,Canadair CL-600-2B19 Regional Jet CRJ-200ER,RA,Russia
151da2,RA-73122,Boeing 737-8LJ,RA,Russia
1500c5,RA-65733,Tupolev Tu-134B-3,RA,Russia
157716,RA-96022,Ilyushin Il-96-300PU(M1),RA,Russia
152001,RA-73729,Airbus A321-211,RA,Russia
151ee7,RA-73447,Boeing 737-83N,RA,Russia
155c21,RA-89121,Sukhoi SuperJet 100-95B,RA,Russia
142328,RA-09000,Dassault Falcon 900B,RA,Russia
151e5e,RA-73310,Airbus A321-231,RA,Russia
142580,RA-09600,Dassault Falcon 900EX,RA,Russia
151d8d,RA-73101,Boeing 737-800WL,RA,Russia
151dfb,RA-73211,Boeing 737-800WL,RA,Russia
150694,RA-67220,Canadair CL-600-2B19 Challenger 850,RA,Russia
15207a,RA-73850,Airbus A330-302,RA,Russia
14fa0a,RA-64010,Tupolev Tu-204,RA,Russia
155c0f,RA-89103,Sukhoi SuperJet 100-95B,RA,Russia
151e72,RA-73330,Boeing 777-21HER,RA,Russia
151dce,RA-73166,Airbus A321-211,RA,Russia
15202f,RA-73775,Airbus A320-214,RA,Russia
155bd1,RA-89041,Sukhoi SuperJet 100-95B,RA,Russia
15063a,RA-67130,Bombardier BD-100-1A10 Challenger 350,RA,Russia
151e64,RA-73316,Boeing 737-82R,RA,Russia
151db8,RA-73144,Boeing 777-3M0ER,RA,Russia
151dbc,RA-73148,Boeing 777-3M0ER,RA,Russia
155be7,RA-89063,Sukhoi SuperJet 100-95B,RA,Russia
151d76,RA-73078,Boeing 767-3Q8ER,RA,Russia
151e33,RA-73267,Boeing 737-7CT,RA,Russia
151d9b,RA-73115,Boeing 737-8LJ,RA,Russia
151ec1,RA-73409,Boeing 737-83N,RA,Russia
152067,RA-73831,Airbus A320-214,RA,Russia
151d92,RA-73106,Boeing 737-800WL,RA,Russia
151e38,RA-73272,Boeing 777-2Q8ER,RA,Russia
151e3c,RA-73276,Boeing 777-31HER,RA,Russia
151f11,RA-73489,Boeing 737-83N,RA,Russia
151d7f,RA-73087,Boeing 737-8AS,RA,Russia
143d17,RA-07447,Robinson R66 Turbine,RA,Russia
151fdd,RA-73693,Airbus A321-211,RA,Russia
152030,RA-73776,Airbus A320-214,RA,Russia
151ef6,RA-73462,Airbus A320-271N,RA,Russia
151db3,RA-73139,Boeing 777-3M0ER,RA,Russia
151e6d,RA-73325,Airbus A321-232,RA,Russia
155c10,RA-89104,Sukhoi SuperJet 100-95B,RA,Russia
155bda,RA-89050,Sukhoi SuperJet 100-95LR,RA,Russia
43beb9,RA-73151,Airbus A350-941,RA,Russia
152026,RA-73766,Airbus A320-214,RA,Russia
151feb,RA-73707,Airbus A321-211,RA,Russia
151fe9,RA-73705,Airbus A321-251NX,RA,Russia
155c06,RA-89094,Sukhoi SuperJet 100-95LR,RA,Russia
140b2f,RA-02863,Embraer 170-100SU,RA,Russia
152071,RA-73841,Airbus A321-231,RA,Russia
15069d,RA-67229,Canadair CL-600-2B19 Regional Jet CRJ-200LR,RA,Russia
151d84,RA-73092,Boeing 757-222SF,RA,Russia
157766,RA-96102,Ilyushin Il-96-400T,RA,Russia
151e2e,RA-73262,Boeing 737-7CT,RA,Russia
151e55,RA-73301,Boeing 737-8LJ,RA,Russia
151da9,RA-73129,Boeing 737-800WL,RA,Russia
155c2a,RA-89130,Sukhoi SuperJet 100-95B,RA,Russia
155bf6,RA-89078,Sukhoi SuperJet 100-95LR,RA,Russia
15200a,RA-73738,Airbus A320-214,RA,Russia
151dab,RA-73131,Boeing 777-3M0ER,RA,Russia
14fc16,RA-64534,Tupolev Tu-214PU,RA,Russia
15205f,RA-73823,Airbus A320-251N,RA,Russia
155bc1,RA-89025,Sukhoi SuperJet 100-95B,RA,Russia
151dde,RA-73182,Airbus A320-214,RA,Russia
152c2e,RA-76846,Ilyushin Il-76TD,RA,Russia
151de8,RA-73192,Boeing 737-8GJ,RA,Russia
151e14,RA-73236,Boeing 737-8LJ,RA,Russia
15064a,RA-67146,Canadair CL-600-2B19 Regional Jet CRJ-100ER,RA,Russia
151f3f,RA-73535,Canadair CL-600-2B19 Challenger 850,RA,Russia
151d51,RA-73041,Boeing 737-524,RA,Russia
154f53,RA-85843,Tupolev Tu-154M,RA,Russia
140b40,RA-02880,Embraer ERJ 135BJ Legacy 600,RA,Russia
151fc4,RA-73668,Boeing 737-8LP,RA,Russia
151eda,RA-73434,Airbus A320-271N,RA,Russia
151d9e,RA-73118,Boeing 737-8LJ,RA,Russia
151d71,RA-73073,Boeing 757-2Q8,RA,Russia
14f116,RA-61718,Antonov An-148-100EA,RA,Russia
14066a,RA-01642,Bell 429 GlobalRanger,RA,Russia
151fd3,RA-73683,Airbus A319-114,RA,Russia
155be0,RA-89056,Sukhoi SuperJet 100-95B,RA,Russia
151efa,RA-73466,Airbus A320-271N,RA,Russia
151e63,RA-73315,Boeing 737-8KN,RA,Russia
151dcb,RA-73163,Airbus A321-211,RA,Russia
1506b2,RA-67250,Bombardier BD-100-1A10 Challenger 300,RA,Russia
15202a,RA-73770,Airbus A320-214,RA,Russia
151dc9,RA-73161,Airbus A321-211,RA,Russia
151d8c,RA-73100,Boeing 737-800WL,RA,Russia
151dfe,RA-73214,Airbus A320-214,RA,Russia
150693,RA-67219,Canadair CL-600-2B19 Challenger 850,RA,Russia
142587,RA-09607,Dassault Falcon 7X,RA,Russia
151d88,RA-73096,Boeing 737-8LJ,RA,Russia
151e22,RA-73250,Boeing 737-800WL,RA,Russia
155c26,RA-89126,Sukhoi SuperJet 100-95B,RA,Russia
15087f,RA-67711,Cessna 172S Skyhawk SP,RA,Russia
151e5b,RA-73307,Boeing 737-800WL,RA,Russia
157711,RA-96017,Ilyushin Il-96-300,RA,Russia
151da5,RA-73125,Boeing 737-8LJ,RA,Russia
151e59,RA-73305,Boeing 737-800WL,RA,Russia
155bfa,RA-89082,Sukhoi SuperJet 100-95LR,RA,Russia
151ee0,RA-73440,Airbus A321-271N,RA,Russia
152006,RA-73734,Airbus A320-251N,RA,Russia
14232d,RA-09005,Dassault Falcon 7X,RA,Russia
151e0e,RA-73230,Boeing 737-800WL,RA,Russia
152ad7,RA-76503,Ilyushin Il-76TD-90VD,RA,Russia
151dd2,RA-73170,Airbus A320-214,RA,Russia
151fbe,RA-73662,Airbus A320-251N,RA,Russia
152051,RA-73809,Airbus A320-214,RA,Russia
151fc8,RA-73672,Boeing 737-8LP,RA,Russia
150646,RA-67142,Canadair CL-600-2B19 Regional Jet CRJ-100ER,RA,Russia
151e1c,RA-73244,Boeing 737-800WL,RA,Russia
141e18,RA-07704,AgustaWestland AW139,RA,Russia
151e18,RA-73240,Boeing 737-800WL,RA,Russia
151de4,RA-73188,Boeing 737-8Q8,RA,Russia
152047,RA-73799,Airbus A321-231,RA,Russia
1506a8,RA-67240,Canadair CL-600-2B19 Regional Jet CRJ-200ER,RA,Russia
151ffd,RA-73725,Airbus A321-211,RA,Russia
152010,RA-73744,Airbus A320-214,RA,Russia
151ed6,RA-73430,Airbus A320-271N,RA,Russia
1506ac,RA-67244,Canadair CL-600-2B19 Challenger 850,RA,Russia
140aca,RA-02762,Raytheon Hawker 800XP,RA,Russia
151ffe,RA-73726,Airbus A321-211,RA,Russia
152011,RA-73745,Airbus A320-214,RA,Russia
1506a9,RA-67241,Bombardier BD-700-1A10 Global 6000,RA,Russia
155c31,RA-89137,Sukhoi SuperJet 100-95B,RA,Russia
151e4e,RA-73294,Boeing 737-8MA,RA,Russia
141e19,RA-07705,AgustaWestland AW139,RA,Russia
151e19,RA-73241,Boeing 737-800WL,RA,Russia
155bba,RA-89018,Sukhoi SuperJet 100-95B,RA,Russia
152046,RA-73798,Airbus A321-231,RA,Russia
151e1b,RA-73243,Boeing 737-800WL,RA,Russia
151fbd,RA-73661,Boeing 737-8Q8,RA,Russia
152050,RA-73808,Airbus A320-214,RA,Russia
151d4a,RA-73034,Boeing 767-3Q8ER,RA,Russia
151e0d,RA-73229,Boeing 737-800WL,RA,Russia
14a5b7,RA-42423,Yakovlev Yak-42D,RA,Russia
150651,RA-67153,Canadair CL-600-2B19 Regional Jet CRJ-200ER,RA,Russia
157710,RA-96016,Ilyushin Il-96-300,RA,Russia
151e58,RA-73304,Boeing 737-800WL,RA,Russia
151da4,RA-73124,Boeing 737-8LJ,RA,Russia
152007,RA-73735,Airbus A320-251N,RA,Russia
155c27,RA-89127,Sukhoi SuperJet 100-95B,RA,Russia
151e5c,RA-73308,Boeing 737-800WL,RA,Russia
142586,RA-09606,Dassault Falcon 8X,RA,Russia
151d66,RA-73062,Boeing 737-524,RA,Russia
1fffff,RA-20092,Kazan Ansat,RA,Russia
142afa,RA-11002,Gulfstream Aerospace GIV-X (G450),RA,Russia
151d89,RA-73097,Boeing 737-8LJ,RA,Russia
15067f,RA-67199,Cessna 172S Skyhawk SP,RA,Russia
151e23,RA-73251,Boeing 737-8AS,RA,Russia
151d8b,RA-73099,Boeing 737-800WL,RA,Russia
151eba,RA-73402,Airbus A320-214,RA,Russia
150692,RA-67218,Canadair CL-600-2B19 Challenger 850,RA,Russia
151dc8,RA-73160,Airbus A321-211,RA,Russia
151dcc,RA-73164,Airbus A321-211,RA,Russia
155bd7,RA-89047,Sukhoi SuperJet 100-95B,RA,Russia
155c1f,RA-89119,Sukhoi SuperJet 100-95B,RA,Russia
151e62,RA-73314,Boeing 737-8KN,RA,Russia
151dbe,RA-73150,Boeing 777-3M0ER,RA,Russia
151fd2,RA-73682,Airbus A319-114,RA,Russia
155be1,RA-89057,Sukhoi SuperJet 100-95B,RA,Russia
151e8f,RA-73359,Boeing 737-8Q8,RA,Russia
151d70,RA-73072,Boeing 757-2Q8,RA,Russia
155c4a,RA-89162,Sukhoi SuperJet 100-95B,RA,Russia
151e35,RA-73269,Boeing 737-8Q8,RA,Russia
14f117,RA-61719,Antonov An-148-100EA,RA,Russia
15206a,RA-73834,Airbus A320-214,RA,Russia
15201f,RA-73759,Airbus A320-214,RA,Russia
151ff2,RA-73714,Airbus A321-211,RA,Russia
15204a,RA-73802,Airbus A321-251NX,RA,Russia
151e15,RA-73237,Boeing 737-8LJ,RA,Russia
151fb3,RA-73651,Boeing 737-752,RA,Russia
155bc0,RA-89024,Sukhoi SuperJet 100-95B,RA,Russia
151e03,RA-73219,Airbus A319-111,RA,Russia
151d46,RA-73030,Boeing 767-3Q8ER,RA,Russia
155bf7,RA-89079,Sukhoi SuperJet 100-95LR,RA,Russia
151dac,RA-73132,Boeing 777-3M0ER,RA,Russia
151da8,RA-73128,Boeing 737-8LJ,RA,Russia
151e54,RA-73300,Boeing 737-8LJ,RA,Russia
152c97,RA-76951,Ilyushin Il-76TD-90VD,RA,Russia
140671,RA-01649,Bell 505 JetRanger X,RA,Russia
151e2d,RA-73261,Boeing 737-86N,RA,Russia
14069e,RA-01694,AgustaWestland AW139,RA,Russia
152070,RA-73840,Airbus A321-251NX,RA,Russia
15069e,RA-67230,Canadair CL-600-2B19 Regional Jet CRJ-200LR,RA,Russia
151df3,RA-73203,Airbus A319-111,RA,Russia
151d85,RA-73093,Boeing 737-8LJ,RA,Russia
151e7c,RA-73340,Boeing 777-212ER,RA,Russia
151fe8,RA-73704,Airbus A321-251NX,RA,Russia
155c07,RA-89095,Sukhoi SuperJet 100-95LR,RA,Russia
43beb8,RA-73152,Airbus A350-941,RA,Russia
152027,RA-73767,Airbus A320-214,RA,Russia
151fec,RA-73708,Airbus A321-211,RA,Russia
155c11,RA-89105,Sukhoi SuperJet 100-95B,RA,Russia
151fde,RA-73694,Airbus A320-232,RA,Russia
152031,RA-73777,Airbus A320-214,RA,Russia
151ef7,RA-73463,Airbus A320-271N,RA,Russia
155bef,RA-89071,Sukhoi SuperJet 100-95LR,RA,Russia
151db2,RA-73138,Boeing 777-3M0ER,RA,Russia
140aaa,RA-02730,Raytheon Hawker 850XP,RA,Russia
151e3b,RA-73275,Boeing 777-31HER,RA,Russia
155c46,RA-89158,Sukhoi SuperJet 100-95B,RA,Russia
1506fe,RA-67326,Cessna 500 Citation I,RA,Russia
151ec0,RA-73408,Boeing 737-83N,RA,Russia
152066,RA-73830,Airbus A320-214,RA,Russia
151d93,RA-73107,Boeing 737-800WL,RA,Russia
140ac5,RA-02757,Embraer Legacy 600,RA,Russia
1506a6,RA-67238,Bombardier Challenger 605,RA,Russia
14fa39,RA-64057,Tupolev Tu-204-300A,RA,Russia
151edc,RA-73436,Airbus A321-211,RA,Russia
15201e,RA-73758,Airbus A320-214,RA,Russia
14fa3b,RA-64059,Tupolev Tu-204-300A,RA,Russia
151ed8,RA-73432,Airbus A320-271N,RA,Russia
151dea,RA-73194,Airbus A320-214,RA,Russia
151fc6,RA-73670,Boeing 737-8ZS,RA,Russia
15204b,RA-73803,Airbus A320-214,RA,Russia
151d53,RA-73043,Boeing 737-524,RA,Russia
155c6b,RA-89195,Sukhoi SuperJet 95-100LR,RA,Russia
152049,RA-73801,Airbus A321-251NX,RA,Russia
1501c8,RA-65992,Tupolev Tu-134AK,RA,Russia
141e16,RA-07702,AgustaWestland AW139,RA,Russia
151e16,RA-73238,Boeing 737-800WL,RA,Russia
15205d,RA-73821,Airbus A320-251N,RA,Russia
151d45,RA-73029,Boeing 757-2K2,RA,Russia
151e00,RA-73216,Airbus A319-112,RA,Russia
151eee,RA-73454,Airbus A320-271N,RA,Russia
155bf4,RA-89076,Sukhoi SuperJet 100-95LR,RA,Russia
155c28,RA-89128,Sukhoi SuperJet 100-95B,RA,Russia
155c2c,RA-89132,Sukhoi SuperJet 100-95B,RA,Russia
151e57,RA-73303,Boeing 737-800WL,RA,Russia
acb8f4,RA-07845,Beech G36 Bonanza,RA,Russia
151d6b,RA-73067,Boeing 737-45S,RA,Russia
151d86,RA-73094,Boeing 737-8LJ,RA,Russia
151d69,RA-73065,Boeing 737-45S,RA,Russia
152073,RA-73843,Airbus A321-231,RA,Russia
155bd8,RA-89048,Sukhoi SuperJet 100-95LR,RA,Russia
140b2d,RA-02861,Embraer 170-100SU,RA,Russia
b11ec9,RA-73417,Airbus A319-133CJ,RA,Russia
151dc7,RA-73159,Airbus A330-343E,RA,Russia
152024,RA-73764,Airbus A320-214,RA,Russia
155bdc,RA-89052,Sukhoi SuperJet 100-95B,RA,Russia
151d2c,RA-73004,Boeing 737-76N,RA,Russia
155c12,RA-89106,Sukhoi SuperJet 100-95B,RA,Russia
151db1,RA-73137,Boeing 777-3M0ER,RA,Russia
151ef4,RA-73460,Airbus A320-271N,RA,Russia
151d28,RA-73000,Boeing 737-76N,RA,Russia
152032,RA-73778,Airbus A320-214,RA,Russia
151d7d,RA-73085,Boeing 737-8AS,RA,Russia
140664,RA-01636,Bell 429 GlobalRanger,RA,Russia
14f11c,RA-61724,Antonov An-148-100E,RA,Russia
151d90,RA-73104,Boeing 737-800WL,RA,Russia
152065,RA-73829,Airbus A320-214,RA,Russia
151ec3,RA-73411,Boeing 737-8GJ,RA,Russia
1506aa,RA-67242,Bombardier Global Express XRS,RA,Russia
151fff,RA-73727,Airbus A321-211,RA,Russia
152012,RA-73746,Airbus A320-214,RA,Russia
151e4f,RA-73295,Boeing 737-8MA,RA,Russia
1533ad,RA-78765,Ilyushin Il-76TD,RA,Russia
155c32,RA-89138,Sukhoi SuperJet 100-95B,RA,Russia
152045,RA-73797,Airbus A321-231,RA,Russia
150644,RA-67140,Canadair CL-600-2B19 Regional Jet CRJ-200LR,RA,Russia
151e1a,RA-73242,Boeing 737-8LJ,RA,Russia
155bb9,RA-89017,Sukhoi SuperJet 100-95B,RA,Russia
155c65,RA-89189,Sukhoi SuperJet 100-95B,RA,Russia
141d5d,RA-07517,Eurocopter AS350 B3e Ecureuil,RA,Russia
152053,RA-73811,Airbus A319-112,RA,Russia
151dd0,RA-73168,Airbus A320-214,RA,Russia
151d4b,RA-73035,Boeing 737-524,RA,Russia
152004,RA-73732,Airbus A320-251N,RA,Russia
152c98,RA-76952,Ilyushin Il-76TD-90VD,RA,Russia
151da7,RA-73127,Boeing 737-8LJ,RA,Russia
155c24,RA-89124,Sukhoi SuperJet 100-95B,RA,Russia
155bf8,RA-89080,Sukhoi SuperJet 100-95LR,RA,Russia
151e20,RA-73248,Boeing 737-800WL,RA,Russia
152a8d,RA-76429,Ilyushin Il-76TD,RA,Russia
151d65,RA-73061,Boeing 737-524,RA,Russia
151ebb,RA-73403,Airbus A320-214,RA,Russia
1405ee,RA-01518,Pilatus PC-12/47E,RA,Russia
150691,RA-67217,Bombardier BD-100-1A10 Challenger 300,RA,Russia
140ae4,RA-02788,Embraer EMB 550 Legacy 500,RA,Russia
142af9,RA-11001,Gulfstream Aerospace GIV-X (G450),RA,Russia
151d8a,RA-73098,Boeing 737-800WL,RA,Russia
155c0c,RA-89100,Sukhoi SuperJet 100-95B,RA,Russia
152028,RA-73768,Airbus A320-214,RA,Russia
151fe7,RA-73703,Airbus A321-251NX,RA,Russia
15202c,RA-73772,Airbus A320-214,RA,Russia
155bd4,RA-89044,Sukhoi SuperJet 100-95B,RA,Russia
155c08,RA-89096,Sukhoi SuperJet 100-95LR,RA,Russia
140629,RA-01577,Pilatus PC-24,RA,Russia
151e61,RA-73313,Boeing 737-82R,RA,Russia
155c1e,RA-89118,Sukhoi SuperJet 100-95B,RA,Russia
140b35,RA-02869,Embraer 170-100SU,RA,Russia
151ef8,RA-73464,Airbus A320-271N,RA,Russia
155be2,RA-89058,Sukhoi SuperJet 100-95B,RA,Russia
151fd1,RA-73681,Airbus A319-114,RA,Russia
151d73,RA-73075,Boeing 757-2Q8,RA,Russia
152069,RA-73833,Airbus A320-214,RA,Russia
15206b,RA-73835,Airbus A320-214,RA,Russia
151ecd,RA-73421,Airbus A320-214,RA,Russia
140668,RA-01640,Bell 429 GlobalRanger,RA,Russia
15206c,RA-73836,Airbus A321-251NX,RA,Russia
151d9f,RA-73119,Boeing 737-8LJ,RA,Russia
14f115,RA-61717,Antonov An-148-100EM,RA,Russia
151e37,RA-73271,Airbus A321-231,RA,Russia
151d72,RA-73074,Boeing 757-2Q8,RA,Russia
142592,RA-09618,Dassault Falcon 7X,RA,Russia
152068,RA-73832,Airbus A320-214,RA,Russia
155be3,RA-89059,Sukhoi SuperJet 100-95B,RA,Russia
151efb,RA-73467,Boeing 737-8AS(F),RA,Russia
15203d,RA-73789,Airbus A330-343E,RA,Russia
154c32,RA-85042,Tupolev Tu-154M,RA,Russia
151e60,RA-73312,Boeing 737-8AS,RA,Russia
1427dd,RA-10205,Gulfstream Aerospace GVI (G650),RA,Russia
155c1d,RA-89117,Sukhoi SuperJet 100-95B,RA,Russia
151ef9,RA-73465,Airbus A320-271N,RA,Russia
15202b,RA-73771,Airbus A320-214,RA,Russia
14fa0e,RA-64014,Tupolev Tu-204-100,RA,Russia
155c0b,RA-89099,Sukhoi SuperJet 100-95B,RA,Russia
152029,RA-73769,Airbus A320-214,RA,Russia
150690,RA-67216,Bombardier Challenger 604,RA,Russia
151ebc,RA-73404,Airbus A320-214,RA,Russia
151dff,RA-73215,Airbus A319-115LR,RA,Russia
150805,RA-67589,Cessna 560XL Citation XLS+,RA,Russia
151e21,RA-73249,Boeing 737-800WL,RA,Russia
142584,RA-09604,Dassault Falcon 7X,RA,Russia
151e5a,RA-73306,Boeing 737-800WL,RA,Russia
155bf9,RA-89081,Sukhoi SuperJet 100-95LR,RA,Russia
155c25,RA-89125,Sukhoi SuperJet 100-95B,RA,Russia
152005,RA-73733,Airbus A320-251N,RA,Russia
151da6,RA-73126,Boeing 737-8LJ,RA,Russia
157712,RA-96018,Ilyushin Il-96-300,RA,Russia
151e0f,RA-73231,Boeing 737-800WL,RA,Russia
151dd1,RA-73169,Airbus A320-214,RA,Russia
142382,RA-09090,Dassault Falcon 7X,RA,Russia
155c64,RA-89188,Sukhoi SuperJet 100-95B,RA,Russia
152044,RA-73796,Airbus A321-211,RA,Russia
155bbc,RA-89020,Sukhoi SuperJet 100-95B,RA,Russia
14fa34,RA-64052,Tupolev Tu-204-120C,RA,Russia
155c33,RA-89139,Sukhoi SuperJet 100-95B,RA,Russia
151ed5,RA-73429,Airbus A320-271N,RA,Russia
152013,RA-73747,Airbus A320-214,RA,Russia
152064,RA-73828,Airbus A320-214,RA,Russia
151ec2,RA-73410,Boeing 737-8GJ,RA,Russia
155c44,RA-89156,Sukhoi SuperJet 100-95B,RA,Russia
151d7e,RA-73086,Boeing 737-8AS,RA,Russia
151f12,RA-73490,Airbus A321-211,RA,Russia
14f11b,RA-61723,Antonov An-148-100A,RA,Russia
151db0,RA-73136,Boeing 777-3M0ER,RA,Russia
151ef5,RA-73461,Airbus A320-271N,RA,Russia
155bed,RA-89069,Sukhoi SuperJet 100-95LR,RA,Russia
152033,RA-73779,Airbus A320-214,RA,Russia
151dc6,RA-73158,Boeing 777-300ER,RA,Russia
152025,RA-73765,Airbus A320-214,RA,Russia
151fea,RA-73706,Airbus A321-211,RA,Russia
155bdb,RA-89051,Sukhoi SuperJet 100-95B,RA,Russia
155bd9,RA-89049,Sukhoi SuperJet 100-95LR,RA,Russia
155c05,RA-89093,Sukhoi SuperJet 100-95LR,RA,Russia
140b2e,RA-02862,Embraer 170-100SU,RA,Russia
151f53,RA-73555,Bombardier BD-700-1A10 Global 6000,RA,Russia
140aeb,RA-02795,Embraer ERJ 135BJ Legacy 600,RA,Russia
1407cd,RA-01997,AgustaWestland AW139,RA,Russia
151df1,RA-73201,Airbus A319-111,RA,Russia
151d87,RA-73095,Boeing 737-8LJ,RA,Russia
152072,RA-73842,Airbus A321-231,RA,Russia
14258c,RA-09612,Dassault Falcon 8X,RA,Russia
151e2f,RA-73263,Boeing 737-76N,RA,Russia
140ae9,RA-02793,Raytheon Hawker 800XP,RA,Russia
155c2b,RA-89131,Sukhoi SuperJet 100-95B,RA,Russia
151e56,RA-73302,Boeing 737-800WL,RA,Russia
151daa,RA-73130,Boeing 777-3M0ER,RA,Russia
151eed,RA-73453,Airbus A320-271N,RA,Russia
155c29,RA-89129,Sukhoi SuperJet 100-95B,RA,Russia
155bf5,RA-89077,Sukhoi SuperJet 100-95LR,RA,Russia
151d44,RA-73028,Airbus A321-251NX,RA,Russia
151e01,RA-73217,Airbus A320-214,RA,Russia
151ddf,RA-73183,Airbus A320-214,RA,Russia
155bc2,RA-89026,Sukhoi SuperJet 100-95B,RA,Russia
ab6383,RA-07841,Cirrus SR22,RA,Russia
15205e,RA-73822,Airbus A320-251N,RA,Russia
151d52,RA-73042,Boeing 737-524,RA,Russia
155c6c,RA-89196,Sukhoi SuperJet 100-95LR,RA,Russia
152048,RA-73800,Airbus A321-251NX,RA,Russia
141e17,RA-07703,AgustaWestland AW139,RA,Russia
151e17,RA-73239,Boeing 737-800WL,RA,Russia
15064b,RA-67147,Bombardier Challenger 605,RA,Russia
15009a,RA-65690,Tupolev Tu-134AK,RA,Russia
151fc7,RA-73671,Boeing 737-8LP,RA,Russia
15204c,RA-73804,Airbus A320-214,RA,Russia
155c3d,RA-89149,Sukhoi SuperJet 100-95B,RA,Russia
151ed9,RA-73433,Airbus A320-271N,RA,Russia
1506a7,RA-67239,Canadair CL-600-2B19 Regional Jet CRJ-200ER,RA,Russia
151edb,RA-73435,Airbus A320-271N,RA,Russia
15201d,RA-73757,Airbus A320-214,RA,Russia
151ff0,RA-73712,Airbus A321-211,RA,Russia
152014,RA-73748,Airbus A320-214,RA,Russia
151ed2,RA-73426,Airbus A320-271N,RA,Russia
14fa33,RA-64051,Tupolev Tu-204-120C,RA,Russia
155c34,RA-89140,Sukhoi SuperJet 100-95B,RA,Russia
151d59,RA-73049,Boeing 737-524,RA,Russia
152043,RA-73795,Airbus A321-211,RA,Russia
14fc08,RA-64520,Tupolev Tu-214PU,RA,Russia
151de0,RA-73184,Boeing 737-85R,RA,Russia
141d5b,RA-07515,Eurocopter AS350 B3e Ecureuil,RA,Russia
155c63,RA-89187,Sukhoi SuperJet 100-95B,RA,Russia
152055,RA-73813,Airbus A320-232,RA,Russia
151fba,RA-73658,Boeing 737-8Q8,RA,Russia
151e0a,RA-73226,Boeing 737-800WL,RA,Russia
150654,RA-67156,Canadair CL-600-2B19 Regional Jet CRJ-200ER,RA,Russia
155bc9,RA-89033,Sukhoi SuperJet 100-95LR,RA,Russia
152002,RA-73730,Airbus A320-251N,RA,Russia
157715,RA-96021,Ilyushin Il-96-300PU(M1),RA,Russia
151da1,RA-73121,Boeing 737-8LJ,RA,Russia
155c22,RA-89122,Sukhoi SuperJet 100-95B,RA,Russia
142afd,RA-11005,Gulfstream Aerospace GVI (G650ER),RA,Russia
151e26,RA-73254,Boeing 737-8AS,RA,Russia
155c5b,RA-89179,Sukhoi SuperJet 100-95B,RA,Russia
43be90,RA-73154,Airbus A350-941,RA,Russia
152079,RA-73849,Airbus A330-302,RA,Russia
151ebd,RA-73405,Airbus A320-214,RA,Russia
151dfa,RA-73210,Airbus A319-114,RA,Russia
140ae2,RA-02786,Embraer ERJ 135BJ Legacy 600,RA,Russia
151e71,RA-73329,Boeing 777-21HER,RA,Russia
1427ee,RA-10222,Gulfstream Aerospace GV-SP (G550),RA,Russia
155c0e,RA-89102,Sukhoi SuperJet 100-95B,RA,Russia
15202e,RA-73774,Airbus A320-214,RA,Russia
151fe1,RA-73697,Boeing 777-300ER,RA,Russia
151dcf,RA-73167,Airbus A320-214,RA,Russia
1427dc,RA-10204,Gulfstream G650,RA,Russia
151f4e,RA-73550,Bombardier BD-700-1A10 Global 6000,RA,Russia
15063b,RA-67131,Bombardier BD-700-1A11 Global 5000,RA,Russia
151e67,RA-73319,Boeing 737-800WL,RA,Russia
155c1c,RA-89116,Sukhoi SuperJet 100-95B,RA,Russia
151e88,RA-73352,Boeing 757-223SF,RA,Russia
152038,RA-73784,Airbus A330-343E,RA,Russia
15203c,RA-73788,Airbus A330-343E,RA,Russia
155c18,RA-89112,Sukhoi SuperJet 100-95B,RA,Russia
155be4,RA-89060,Sukhoi SuperJet 100-95B,RA,Russia
151e30,RA-73264,Boeing 737-86N,RA,Russia
14a5ac,RA-42412,Yakovlev Yak-42D,RA,Russia
151d75,RA-73077,Boeing 757-2Q8,RA,Russia
151ecb,RA-73419,Airbus A320-214,RA,Russia
151f19,RA-73497,Boeing 737-8BK,RA,Russia
140ad4,RA-02772,British Aerospace BAe-125 Series 800A,RA,Russia
151d9a,RA-73114,Boeing 737-8LJ,RA,Russia
151ff7,RA-73719,Airbus A321-211,RA,Russia
15201c,RA-73756,Airbus A320-214,RA,Russia
155c38,RA-89144,Sukhoi SuperJet 100-95B,RA,Russia
1506a0,RA-67232,Canadair CL-600-2B19 Challenger 850,RA,Russia
151ede,RA-73438,Airbus A321-211,RA,Russia
152018,RA-73752,Airbus A320-214,RA,Russia
151f39,RA-73529,Bombardier BD-700-1A10 Global Express XRS,RA,Russia
1551e0,RA-86496,Ilyushin Il-62M,RA,Russia
15204d,RA-73805,Airbus A320-214,RA,Russia
151fc0,RA-73664,Boeing 737-8ZS,RA,Russia
151e10,RA-73232,Boeing 737-800WL,RA,Russia
14fc04,RA-64516,Tupolev Tu-214SR,RA,Russia
150658,RA-67160,Bombardier BD-700-1A10 Global 6000,RA,Russia
151dda,RA-73178,Airbus A321-211,RA,Russia
14169a,RA-05786,Robinson R66 Turbine,RA,Russia
152c2a,RA-76842,Ilyushin Il-76TD,RA,Russia
151fb6,RA-73654,Boeing 737-86N,RA,Russia
15205b,RA-73819,Airbus A320-214,RA,Russia
155bc5,RA-89029,Sukhoi SuperJet 100-95LR,RA,Russia
151d43,RA-73027,Airbus A321-251NX,RA,Russia
152059,RA-73817,Airbus A320-232,RA,Russia
141d43,RA-07491,Eurocopter EC130 T2,RA,Russia
14fc12,RA-64530,Tupolev Tu-214,RA,Russia
14f124,RA-61732,Antonov An-148-100E,RA,Russia
151daf,RA-73135,Boeing 777-3M0ER,RA,Russia
151eec,RA-73452,Airbus A320-271N,RA,Russia
155c2e,RA-89134,Sukhoi SuperJet 100-95B,RA,Russia
151e51,RA-73297,Boeing 737-8LJ,RA,Russia
157719,RA-96025,Ilyushin Il-96-300PU(M1),RA,Russia
151d6d,RA-73069,Boeing 737-45S,RA,Russia
151e2a,RA-73258,Boeing 737-8K5,RA,Russia
151d80,RA-73088,Boeing 737-8GU,RA,Russia
152075,RA-73845,Airbus A321-231,RA,Russia
15521f,RA-86559,Ilyushin Il-62M,RA,Russia
151d3c,RA-73532,Canadair CL-600-2B19 Challenger 850,RA,Russia
151e7f,RA-73343,Boeing 737-9GPER,RA,Russia
155bde,RA-89054,Sukhoi SuperJet 100-95LR,RA,Russia
151fef,RA-73711,Airbus A321-231,RA,Russia
152022,RA-73762,Airbus A320-214,RA,Russia
155be8,RA-89064,Sukhoi SuperJet 100-95B,RA,Russia
155c14,RA-89108,Sukhoi SuperJet 100-95B,RA,Russia
151db7,RA-73143,Boeing 777-3M0ER,RA,Russia
152034,RA-73780,Airbus A320-214,RA,Russia
151ef2,RA-73458,Airbus A320-271N,RA,Russia
154e52,RA-85586,Tupolev Tu-154B-2,RA,Russia
155c43,RA-89155,Sukhoi SuperJet 100-95B,RA,Russia
151d7b,RA-73083,Boeing 767-224ER,RA,Russia
151f15,RA-73493,Boeing 737-8KN,RA,Russia
151d96,RA-73110,Boeing 737-800WL,RA,Russia
151ec5,RA-73413,Airbus A321-211,RA,Russia
15068f,RA-67215,Bombardier BD-700-1A10 Global Express XRS,RA,Russia
152063,RA-73827,Airbus A320-214,RA,Russia
151d97,RA-73111,Boeing 737-800WL,RA,Russia
151d78,RA-73080,Boeing 767-3Y0ER,RA,Russia
152062,RA-73826,Airbus A320-214,RA,Russia
155c42,RA-89154,Sukhoi SuperJet 100-95B,RA,Russia
151d7c,RA-73084,Boeing 737-8AS,RA,Russia
151e3f,RA-73279,Boeing 777-312,RA,Russia
151f14,RA-73492,Airbus A320-271N,RA,Russia
151db6,RA-73142,Boeing 777-3M0ER,RA,Russia
140aae,RA-02734,Raytheon Hawker 800XP,RA,Russia
152035,RA-73781,Airbus A320-214,RA,Russia
151ef3,RA-73459,Airbus A320-271N,RA,Russia
155beb,RA-89067,Sukhoi SuperJet 100-95LR,RA,Russia
155c15,RA-89109,Sukhoi SuperJet 100-95B,RA,Russia
155be9,RA-89065,Sukhoi SuperJet 100-95B,RA,Russia
151e6a,RA-73322,Airbus A321-251N,RA,Russia
155bdd,RA-89053,Sukhoi Superjet 100-95B,RA,Russia
152023,RA-73763,Airbus A320-214,RA,Russia
151df7,RA-73207,Airbus A320-214,RA,Russia
151d81,RA-73089,Boeing 737-8GU,RA,Russia
42446c,RA-73155,Airbus A350-941,RA,Russia
152c07,RA-76807,Ilyushin Il-76TD,RA,Russia
152074,RA-73844,Airbus A321-231,RA,Russia
15069a,RA-67226,Bombardier Global 5000,RA,Russia
14fa2c,RA-64044,Tupolev Tu-204-300,RA,Russia
151ee9,RA-73449,Airbus A320-271N,RA,Russia
155c2d,RA-89133,Sukhoi SuperJet 100-95B,RA,Russia
151e50,RA-73296,Boeing 737-81D,RA,Russia
1416ba,RA-05818,Robinson R66 Turbine,RA,Russia
140ab4,RA-02740,Embraer 190-100LR,RA,Russia
151eeb,RA-73451,Airbus A320-271N,RA,Russia
152058,RA-73816,Airbus A319-112,RA,Russia
14fc13,RA-64531,Tupolev Tu-214PU-SBUS,RA,Russia
14f125,RA-61733,Antonov An-148-100E,RA,Russia
151fb7,RA-73655,Boeing 737-8AL,RA,Russia
15205c,RA-73820,Airbus A320-251N,RA,Russia
151d54,RA-73044,Boeing 737-524,RA,Russia
151f3c,RA-73532,Canadair CL-600-2B19 Challenger 850,RA,Russia
151f38,RA-73528,Bombardier BD-700-1A10 Global 6000,RA,Russia
151fc1,RA-73665,Boeing 737-8ZS,RA,Russia
152019,RA-73753,Airbus A320-214,RA,Russia
1520a0,RA-73888,Airbus A318-112CJ Elite,RA,Russia
15770e,RA-96014,Ilyushin Il-96-300,RA,Russia
151ff6,RA-73718,Airbus A321-211,RA,Russia
15201b,RA-73755,Airbus A320-214,RA,Russia
142330,RA-09008,Dassault Falcon 900EX EASy,RA,Russia
151f80,RA-73600,Canadair CL-600-2B19 Challenger 850,RA,Russia
1506a1,RA-67233,Canadair CL-600-2B19 Challenger 850,RA,Russia
155c39,RA-89145,Sukhoi SuperJet 100-95B,RA,Russia
151edd,RA-73437,Airbus A321-211,RA,Russia
151ecc,RA-73420,Airbus A320-214,RA,Russia
15206e,RA-73838,Airbus A321-251NX,RA,Russia
151f18,RA-73496,Boeing 737-8S3,RA,Russia
151e31,RA-73265,Boeing 737-86N,RA,Russia
1533f3,RA-78835,Ilyushin Il-76MD,RA,Russia
151ec8,RA-73416,Airbus A321-211,RA,Russia
151d74,RA-73076,Boeing 757-28A,RA,Russia
15203b,RA-73787,Airbus A330-343E,RA,Russia
151e8b,RA-73355,Boeing 757-223SF,RA,Russia
155be5,RA-89061,Sukhoi SuperJet 100-95B,RA,Russia
155c19,RA-89113,Sukhoi SuperJet 100-95B,RA,Russia
151dba,RA-73146,Boeing 777-300ER,RA,Russia
1427d9,RA-10201,Gulfstream Aerospace G-IV-SP,RA,Russia
152039,RA-73785,Airbus A330-343E,RA,Russia
155bd3,RA-89043,Sukhoi SuperJet 100-95B,RA,Russia
15202d,RA-73773,Airbus A320-214,RA,Russia
151e70,RA-73328,Airbus A330-223,RA,Russia
155c0d,RA-89101,Sukhoi SuperJet 100-95B,RA,Russia
141ebe,RA-07870,Pilatus PC-12/47E,RA,Russia
151ebe,RA-73406,Airbus A320-214,RA,Russia
151d8f,RA-73103,Boeing 737-800WL,RA,Russia
151e27,RA-73255,Boeing 737-8AS,RA,Russia
155c5c,RA-89180,Sukhoi SuperJet 100-95B,RA,Russia
142582,RA-09602,Dassault Falcon 7X,RA,Russia
155c23,RA-89123,Sukhoi SuperJet 100-95B,RA,Russia
155bfd,RA-89085,Sukhoi SuperJet 100-95LR,RA,Russia
140abc,RA-02748,Embraer ERJ 135BJ Legacy 650,RA,Russia
151da0,RA-73120,Boeing 737-800WL,RA,Russia
151d4e,RA-73038,Boeing 737-524,RA,Russia
155bc8,RA-89032,Sukhoi SuperJet 100-95B,RA,Russia
152054,RA-73812,Airbus A320-214,RA,Russia
155bcc,RA-89036,Sukhoi SuperJet 100-95LR,RA,Russia
150643,RA-67139,Canadair CL-600-2B19 Regional Jet CRJ-200ER,RA,Russia
151e1f,RA-73247,Boeing 737-800WL,RA,Russia
14fc0b,RA-64523,Tupolev Tu-214VPU,RA,Russia
155c62,RA-89186,Sukhoi SuperJet 100-95B,RA,Russia
152042,RA-73794,Airbus A321-211,RA,Russia
14fc09,RA-64521,Tupolev Tu-214PU,RA,Russia
151de1,RA-73185,Boeing 737-8KN,RA,Russia
155c35,RA-89141,Sukhoi SuperJet 100-95B,RA,Russia
152015,RA-73749,Airbus A320-214,RA,Russia
151ffa,RA-73722,Airbus A321-211,RA,Russia
151ed3,RA-73427,Airbus A320-271N,RA,Russia
738057,4X-EHI,Boeing 737-958ER,4X,Israel
738056,4X-EHH,Boeing 737-958ER,4X,Israel
738072,4X-ECB,Boeing 777-258ER,4X,Israel
738055,4X-EHF,Boeing 737-958ER,4X,Israel
896411,A6-AOE,Airbus A320-214,A6,United Arab Emirates
896539,A6-BNB,Boeing 787-9,A6,United Arab Emirates
8965b6,A6-FMZ,Boeing 737-8,A6,United Arab Emirates
8963ff,A6-AOC,Airbus A320-214,A6,United Arab Emirates
8964d3,A6-FMD,Boeing 737-8,A6,United Arab Emirates
896333,A6-FEB,Boeing 737-8KN,A6,United Arab Emirates
896489,A6-BLI,Boeing 787-9,A6,United Arab Emirates
8965fa,A6-AUG,Airbus A320-214,A6,United Arab Emirates
8965d6,A6-FKK,Boeing 737-8,A6,United Arab Emirates
8964d2,A6-FMC,Boeing 737-8,A6,United Arab Emirates
896191,A6-EER,Airbus A380-861,A6,United Arab Emirates
896538,A6-BNA,Boeing 787-9,A6,United Arab Emirates
8963b1,A6-FEO,Boeing 737-8KN,A6,United Arab Emirates
896555,A6-FMO,Boeing 737-8,A6,United Arab Emirates
896335,A6-FED,Boeing 737-8KN,A6,United Arab Emirates
8963ba,A6-FEX,Boeing 737-8KN,A6,United Arab Emirates
8965d1,A6-FKF,Boeing 737-8,A6,United Arab Emirates
896533,A6-FML,Boeing 737-8,A6,United Arab Emirates
8965ff,A6-ANC,Airbus A320-214,A6,United Arab Emirates
8963b6,A6-FET,Boeing 737-8KN,A6,United Arab Emirates
896378,A6-FEG,Boeing 737-8KN,A6,United Arab Emirates
896401,A6-AOB,Airbus A320-214,A6,United Arab Emirates
8960f2,A6-EDQ,Airbus A380-861,A6,United Arab Emirates
8963af,A6-FEM,Boeing 737-8KN,A6,United Arab Emirates
8965b1,A6-FMU,Boeing 737-8,A6,United Arab Emirates
896601,A6-ANE,Airbus A320-214,A6,United Arab Emirates
896586,A6-AUB,Airbus A320-214,A6,United Arab Emirates
89637b,A6-FEJ,Boeing 737-8KN,A6,United Arab Emirates
896477,A6-EUM,Airbus A380-842,A6,United Arab Emirates
896334,A6-FEC,Boeing 737-8KN,A6,United Arab Emirates
8964d4,A6-FME,Boeing 737-8,A6,United Arab Emirates
89610d,A6-ECF,Boeing 777-31HER,A6,United Arab Emirates
8962d1,A6-ANB,Airbus A320-214,A6,United Arab Emirates
8965cc,A6-FKA,Boeing 737-8,A6,United Arab Emirates
896376,A6-FEE,Boeing 737-8KN,A6,United Arab Emirates
8963bc,A6-FEZ,Boeing 737-8KN,A6,United Arab Emirates
8965b2,A6-FMV,Boeing 737-8,A6,United Arab Emirates
896585,A6-AUA,Airbus A320-214,A6,United Arab Emirates
89642d,A6-AOJ,Airbus A320-214,A6,United Arab Emirates
8963b4,A6-FER,Boeing 737-8KN,A6,United Arab Emirates
8963b5,A6-FES,Boeing 737-8KN,A6,United Arab Emirates
89642e,A6-AOI,Airbus A320-214,A6,United Arab Emirates
8965b3,A6-FMW,Boeing 737-8,A6,United Arab Emirates
8963ad,A6-FEK,Boeing 737-8KN,A6,United Arab Emirates
8963bb,A6-FEY,Boeing 737-8KN,A6,United Arab Emirates
8963b9,A6-FEW,Boeing 737-8KN,A6,United Arab Emirates
8965d2,A6-FKG,Boeing 737-8,A6,United Arab Emirates
896530,A6-FMJ,Boeing 737-8,A6,United Arab Emirates
896434,A6-AOK,Airbus A320-214,A6,United Arab Emirates
8964cf,A6-MAX,Boeing 737-8,A6,United Arab Emirates
8964fa,A6-BLU,Boeing 787-9,A6,United Arab Emirates
8965b4,A6-FMX,Boeing 737-8,A6,United Arab Emirates
8963b2,A6-FEP,Boeing 737-8KN,A6,United Arab Emirates
896556,A6-FMN,Boeing 737-8,A6,United Arab Emirates
896413,A6-AOH,Airbus A320-214,A6,United Arab Emirates
8965ce,A6-FKC,Boeing 737-8,A6,United Arab Emirates
8965d5,A6-FKJ,Boeing 737-8,A6,United Arab Emirates
8963c9,A6-ANY,Airbus A320-214,A6,United Arab Emirates
8965d4,A6-FKI,Boeing 737-8,A6,United Arab Emirates
89611f,A6-ECX,Boeing 777-31HER,A6,United Arab Emirates
896465,A6-BLG,Boeing 787-9,A6,United Arab Emirates
8965ee,A6-AUE,Airbus A320-214,A6,United Arab Emirates
896557,A6-FMP,Boeing 737-8,A6,United Arab Emirates
8963b3,A6-FEQ,Boeing 737-8KN,A6,United Arab Emirates
4bd150,TC-TJP,Boeing 737-8BK,TC,Turkey
4bb87a,TC-NCZ,Airbus A320-251N,TC,Turkey
4bc841,TC-RBA,Airbus A321-251NX,TC,Turkey
4b8de8,TC-COH,Boeing 737-8EH,TC,Turkey
4ba9ef,TC-JOO,Airbus A330-223F,TC,Turkey
4bb856,TC-NBV,Airbus A320-251N,TC,Turkey
4ba8c8,TC-JFH,Boeing 737-8F2,TC,Turkey
4bb876,TC-NCV,Airbus A320-251N,TC,Turkey
4bb564,TC-MKD,Boeing 737-8,TC,Turkey
4baa44,TC-JRD,Airbus A321-231,TC,Turkey
4bb85a,TC-NBZ,Airbus A320-251N,TC,Turkey
4ba8d2,TC-JFR,Boeing 737-8F2,TC,Turkey
4baa45,TC-JRE,Airbus A321-231,TC,Turkey
4baa53,TC-JRS,Airbus A321-231,TC,Turkey
4bb84f,TC-NBO,Airbus A320-251N,TC,Turkey
4ba8cb,TC-JFK,Boeing 737-8F2,TC,Turkey
4baa49,TC-JRI,Airbus A321-231,TC,Turkey
4bd184,TC-TLD,Boeing 737-4Q8,TC,Turkey
4ba9c1,TC-JNA,Airbus A330-203,TC,Turkey
4bb870,TC-NCP,Airbus A320-251N,TC,Turkey
4ba8f9,TC-JGY,Boeing 737-8F2,TC,Turkey
4bb866,TC-NCF,Airbus A320-251N,TC,Turkey
4bb562,TC-MKB,Boeing 737-8,TC,Turkey
4bb84a,TC-NBJ,Airbus A320-251N,TC,Turkey
4ba948,TC-JJH,Boeing 777-3F2ER,TC,Turkey
4baa62,TC-JSB,Airbus A321-231,TC,Turkey
4bc847,TC-RBG,Airbus A321-251NX,TC,Turkey
4b9e44,TC-GRD,Airbus A321-231,TC,Turkey
4baa4e,TC-JRN,Airbus A321-231,TC,Turkey
4ba904,TC-JHD,Boeing 737-8F2,TC,Turkey
4baa4d,TC-JRM,Airbus A321-231,TC,Turkey
4ba945,TC-JJE,Boeing 777-3F2ER,TC,Turkey
4b9e45,TC-GRE,Airbus A321-253NX,TC,Turkey
4ba8f4,TC-JGT,Boeing 737-8F2,TC,Turkey
4b850c,TC-AHL,Gulfstream IV-SP,TC,Turkey
4ba8d4,TC-JFT,Boeing 737-8F2,TC,Turkey
4ba949,TC-JJI,Boeing 777-3F2ER,TC,Turkey
4bb563,TC-MKC,Boeing 737-8,TC,Turkey
4bb84c,TC-NBL,Airbus A320-251N,TC,Turkey
4bb864,TC-NCD,Airbus A320-251N,TC,Turkey
4bb872,TC-NCR,Airbus A320-251N,TC,Turkey
4b906c,TC-DCL,Airbus A320-214,TC,Turkey
4bb852,TC-NBR,Airbus A320-251N,TC,Turkey
4bd181,TC-TLA,Boeing 737-4Q8,TC,Turkey
4ba946,TC-JJF,Boeing 777-3F2ER,TC,Turkey
4bc853,TC-RBS,Airbus A321-251NX,TC,Turkey
4bd154,TC-TJT,Boeing 737-8HC,TC,Turkey
4b9065,TC-DCE,Airbus A320-214,TC,Turkey
4bd155,TC-TJU,Boeing 737-8HX,TC,Turkey
4baa61,TC-JSA,Airbus A321-231,TC,Turkey
4ba8f6,TC-JGV,Boeing 737-8F2,TC,Turkey
4bb86b,TC-NCK,Airbus A320-251N,TC,Turkey
4ba947,TC-JJG,Boeing 777-3F2ER,TC,Turkey
4b9069,TC-DCI,Airbus A320-216,TC,Turkey
4bb873,TC-NCS,Airbus A320-251N,TC,Turkey
4baa41,TC-JRA,Airbus A321-231,TC,Turkey
4bb854,TC-NBT,Airbus A320-251N,TC,Turkey
4ba9c2,TC-JNB,Airbus A330-203,TC,Turkey
4baa50,TC-JRP,Airbus A321-231,TC,Turkey
4bb566,TC-MKF,Boeing 737-8,TC,Turkey
4bb874,TC-NCT,Airbus A320-251N,TC,Turkey
4b906d,TC-DCM,Airbus A320-214,TC,Turkey
4bb875,TC-NCU,Airbus A320-251N,TC,Turkey
4bb863,TC-NCC,Airbus A320-251N,TC,Turkey
4ba9cd,TC-JNM,Airbus A330-343E,TC,Turkey
4bb859,TC-NBY,Airbus A320-251N,TC,Turkey
4bb879,TC-NCY,Airbus A320-251N,TC,Turkey
4ba9c3,TC-JNC,Airbus A330-203,TC,Turkey
4bc842,TC-RBB,Airbus A321-251NX,TC,Turkey
4bb86d,TC-NCM,Airbus A320-251N,TC,Turkey
4bb855,TC-NBU,Airbus A320-251N,TC,Turkey
51009c,EW-457PA,Boeing 737-800WL,EW,Belarus
5100fc,EW-514PO,Embraer 190-200LR-195LR,EW,Belarus
5100fb,EW-513PO,Embraer 190-200LR-195LR,EW,Belarus
51009b,EW-456PA,Boeing 737-800WL,EW,Belarus
51007f,EW-399PO,Embraer 190-200LR-195LR,EW,Belarus
5100e9,EW-502LL,Pilatus PC-12/47E,EW,Belarus
510115,EW-527PA,Boeing 737-82R,EW,Belarus
51012d,EW-544PA,Boeing 737-8K5,EW,Belarus
510116,EW-528PA,Boeing 737-8,EW,Belarus
510043,EW-254PA,Boeing 737-3Q8,EW,Belarus
510080,EW-400PO,Embraer 190-200LR-195LR,EW,Belarus
507c41,UK32018,Airbus A320-214,UK,Uzbekistan
507c3a,UK32011,Airbus A320-214,UK,Uzbekistan
507c61,UK32031,Airbus A320-214,UK,Uzbekistan
507c3f,UK32016,Airbus A320-214,UK,Uzbekistan
507c49,UK67006,Boeing 767-33PER,UK,Uzbekistan
507c3e,UK32015,Airbus A320-214,UK,Uzbekistan
507c45,UK67004,Boeing 767-33PER,UK,Uzbekistan
507c44,UK67003,Boeing 767-33PER,UK,Uzbekistan
507c3d,UK32014,Airbus A320-214,UK,Uzbekistan
507c4c,UK78701,Boeing 787-8,UK,Uzbekistan
507c48,UK67005,Boeing 767-33PER,UK,Uzbekistan
507c38,UK67001,Boeing 767-33PER,UK,Uzbekistan
507c55,UK78705,Boeing 787-8,UK,Uzbekistan
507c59,UK78706,Boeing 787-8,UK,Uzbekistan
507c54,UK78704,Boeing 787-8,UK,Uzbekistan
507c3b,UK32012,Airbus A320-214,UK,Uzbekistan
78122f,B-8862,Airbus A330-343E,B,China
78076e,B-2088,Boeing 777-39LER,B,China
781094,B-8678,Airbus A330-343E,B,China
78139f,B-1096,Airbus A330-343E,B,China
7808cb,B-2033,Boeing 777-39LER,B,China
781364,B-1065,Airbus A330-343E,B,China
7816bd,B-308P,Airbus A330-243F,B,China
7810fb,B-8959,Airbus A330-243,B,China
780e2e,B-8015,Airbus A330-343,B,China
7808cc,B-2035,Boeing 777-39LER,B,China
7809ef,B-5923,Airbus A330-343E,B,China
780bf8,B-2047,Boeing 777-39LER,B,China
780bb9,B-2098,Boeing 777-FFT,B,China
78076d,B-2087,Boeing 777-39LER,B,China
780094,B-6095,Airbus A330-343X,B,China
781335,B-1041,Airbus A330-343E,B,China
78147a,B-300U,Airbus A330-343E,B,China
78076b,B-2085,Boeing 777-39LER,B,China
781590,B-304K,Airbus A330-343,B,China
780c5b,B-2091,Boeing 777-FFT,B,China
780b2a,B-8271,Gulfstream Aerospace GIV-X (G450),B,China
781230,B-8863,Airbus A330-343E,B,China
7816a1,B-308L,Airbus A330-243F,B,China
7806e1,B-6527,Airbus A330-343X,B,China
780d8f,B-2094,Boeing 777-FFT,B,China
780301,B-6085,Airbus A330-343X,B,China
7810c6,B-8776,Airbus A330-243,B,China
781479,B-300V,Airbus A330-343E,B,China
780970,B-2036,Boeing 777-39LER,B,China
781273,B-1340,Boeing 747-4HAERF,B,China
781463,B-300Q,Airbus A330-343E,B,China
780b69,B-5929,Airbus A330-343E,B,China
781540,B-303D,Airbus A330-343E,B,China
780bb6,B-2095,Boeing 777-FFT,B,China
781cde,B-221F,Boeing 767-33AERSF,B,China
780022,B-2089,Boeing 777-39LER,B,China
7811fd,B-8596,Airbus A330-243,B,China
78086c,B-2031,Boeing 777-39LER,B,China
780ef8,B-8287,Airbus A330-343E,B,China
780c9e,B-2006,Boeing 777-39LER,B,China
683277,UP-EM018,Embraer ERJ 135BJ Legacy 650,UP,Kazakhstan
683298,UP-B3732,Boeing 737-82R,UP,Kazakhstan
683329,UP-B3737,Boeing 737-8,UP,Kazakhstan
6830bb,UP-CS301,Cessna 525B CitationJet CJ3,UP,Kazakhstan
6831ef,UP-B3712,Boeing 737-35B,UP,Kazakhstan
683266,UP-B3720,Boeing 737-8,UP,Kazakhstan
683285,UP-CS502,Cessna 750 Citation X,UP,Kazakhstan
68333a,UP-EM025,Embraer ERJ 135BJ Legacy 650,UP,Kazakhstan
683273,UP-B3726,Boeing 737-9,UP,Kazakhstan
68332f,UP-EM024,Embraer ERJ 135BJ Legacy 650,UP,Kazakhstan
68327b,UP-EM019,Embraer ERJ 135BJ Legacy 600,UP,Kazakhstan
683296,UP-B3730,Boeing 737-82R,UP,Kazakhstan
683297,UP-B3731,Boeing 737-82R,UP,Kazakhstan
683274,UP-B3727,Boeing 737-9,UP,Kazakhstan
600018,EK-AAD,Airbus A321-231,EK,Armenia
600003,EK-YRC,Airbus A320-214,EK,Armenia
600012,EK-SHC,Boeing 737-55S,EK,Armenia
600004,EK-FOA,Airbus A319-112,EK,Armenia
600009,EK-222,SOCATA TBM 940,EK,Armenia
600005,EK73740,Boeing 737-3L9,EK,Armenia
600010,EK73736,Boeing 737-505,EK,Armenia
600031,EK-FOB,Airbus A320-233,EK,Armenia
600001,EK-YRB,Airbus A320-214,EK,Armenia
6000a2,EK-SHA,Boeing 737-505,EK,Armenia
010146,SU-GDZ,Boeing 737-866,SU,Egypt
01010a,SU-GDB,Boeing 737-866,SU,Egypt
010147,SU-GEA,Boeing 737-866,SU,Egypt
010160,SU-GEB,Boeing 737-866,SU,Egypt
0100df,SU-GCR,Boeing 737-866,SU,Egypt
010161,SU-GEC,Boeing 737-866,SU,Egypt
0100dd,SU-GCO,Boeing 737-866,SU,Egypt
0101b6,SU-GEF,Boeing 737-800WL,SU,Egypt
010250,SU-TCL,Airbus A321-231,SU,Egypt
01010b,SU-GDC,Boeing 737-866,SU,Egypt
010109,SU-GDA,Boeing 737-886,SU,Egypt
010256,SU-TCM,Airbus A321-231,SU,Egypt
010145,SU-GDY,Boeing 737-866,SU,Egypt
6010ef,EX-32008,Airbus A320-233,EX,Kyrgyzstan
6010f7,EX-32009,Airbus A320-233,EX,Kyrgyzstan
601115,EX-32010,Airbus A320-232,EX,Kyrgyzstan
60111c,EX-32014,Airbus A320-214,EX,Kyrgyzstan
6010ab,EX-37012,Boeing 737-33A,EX,Kyrgyzstan
6010c5,EX-37015,Boeing 737-3K2,EX,Kyrgyzstan
49c0e7,OK-QUU 06,BRM Aero Bristell NG5 SpeedWing,OK,Czech Republic
60003c,701,Airbus A319-132,,
155c40,89152,Sukhoi Superjet 100-95B,,
466b38,,-,,
032091,,-,,
053977,VARIOUS,Several Different Aircraft,,
600be9,,-,,
ea000f,,-,,
26002b,,-,,
1f3395,78741,Ilyushin Il-78M-90A,,
0a402d,7T-VPP,Airbus A340-541X Prestige,7T,Algeria
0a0093,7T-VKT,Boeing 737-7D6C,7T,Algeria
0a0074,7T-VKD,Boeing 737-8D6,7T,Algeria
600805,4K-AZ05,Airbus A319-111,4K,Azerbaijan
600853,4K-AZ83,Airbus A320-214,4K,Azerbaijan
600bbf,4K-AZ11,Boeing 757-22L,4K,Azerbaijan
60084d,4K-AZ77,Airbus A320-214,4K,Azerbaijan
600843,4K-AZ67,Embraer 190-100AR,4K,Azerbaijan
600801,4K-8888,Airbus A319-115X CJ,4K,Azerbaijan
60084f,4K-AZ79,Airbus A320-214,4K,Azerbaijan
600866,4K-AZ102,Ilyushin IL-76TD,4K,Azerbaijan
600850,4K-AZ80,Airbus A320-214,4K,Azerbaijan
4c01e7,YU-APH,Airbus A320-232,YU,Serbia
4c01ea,YU-APK,Airbus A319-132,YU,Serbia
4c01e1,YU-APB,Airbus A319-132,YU,Serbia
4c01ed,YU-APN,Airbus A319-132,YU,Serbia
4c01ee,YU-APO,Airbus A320-232,YU,Serbia
4c01f2,YU-APS,Airbus A320-232,YU,Serbia
4c01ec,YU-APM,Airbus A319-132,YU,Serbia
60183d,EZ-A015,Boeing 737-82K,EZ,Turkmenistan
601848,EZ-F428,Ilyushin Il-76TD,EZ,Turkmenistan
60183c,EZ-A016,Boeing 737-82K,EZ,Turkmenistan
60183b,EZ-A017,Boeing 737-82K,EZ,Turkmenistan
706132,9K-CBK,Airbus A320-251N,9K,Kuwait
70612c,9K-CBE,Airbus A320-251N,9K,Kuwait
706131,9K-CBJ,Airbus A320-251N,9K,Kuwait
706130,9K-CBI,Airbus A320-251N,9K,Kuwait
89409e,A9C-NA,Airbus A321-253NX,A9C,Bahrain
7335c6,EP-MNF,Airbus A310-304,EP,Iran
734e70,EP-SSP,Airbus A319-111,EP,Iran
7335a1,EP-MMA,Airbus A340-311,EP,Iran
7335a3,EP-MMC,Airbus A340-313,EP,Iran
734e6c,EP-SSL,Airbus A319-111,EP,Iran
73054a,EP-AJJ,Airbus A320-212,EP,Iran
734e6d,EP-SSM,Airbus A321-231,EP,Iran
7335a4,EP-MMD,Airbus A340-313,EP,Iran
0d8469,YV3535,Airbus A340-642,YV,Venezuela
70c0a7,A4O-DD,Airbus A330-343X,A4O,Oman
70c0a5,A4O-DB,Airbus A330-343X,A4O,Oman
70c0ab,A4O-DE,Airbus A330-343X,A4O,Oman
728677,YI-ASW,Boeing 737-800WL,YI,Iraq
728676,YI-ASV,Boeing 737-800WL,YI,Iraq
72866d,YI-ASM,Boeing 737-8,YI,Iraq
72866c,YI-ASL,Boeing 737-8,YI,Iraq
02a1a7,TS-INH,Airbus A320-214,TS,Tunisia
778681,YK-ATA,Ilyushin Il-76T,YK,Syria
778827,YK-BAG,Airbus A320-212,YK,Syria
0200ae,CN-ROY,Boeing 737-8B6,CN,Morocco
02007a,CN-ROP,Boeing 737-8B6,CN,Morocco
020072,CN-ROL,Boeing 737-8B6,CN,Morocco
040047,ET-AOQ,Boeing 787-8,ET,Ethiopia
040048,ET-AOR,Boeing 787-8,ET,Ethiopia
3cd70e,D-CITA,Learjet 60,D,Germany
5140b3,4L-GTD,Boeing 737-8FH,4L,Georgia
51408c,4L-GTI,Boeing 737-7CT,4L,Georgia
09a055,C5-SUV,Embraer ERJ 135BJ Legacy 650,C5,Gambia
504e64,ER-00006,Airbus A320-232,ER,Moldova
515313,EY-787,Boeing 737-8GJ,EY,Tajikistan
06a0b3,A7-BCO,Boeing 787-8,A7,Qatar
